"service_inventory_fact_id","service_repair_dim_id","inventory_dim_id","parts_cost","total_cost","parts_cost_percentage","actual_service_duration","estimated_service_duration","service_duration_deviation","bk_service_inventory_id","amount"
2164,315,22,119.96,319.96,37.49,"3 days 12:30:00","21 days",-18 days +12:30:00,2164,4.00
2165,168,59,259.98,459.98,56.52,"1 day 13:45:00","3 days",-2 days +13:45:00,2165,2.00
2166,6,171,399.96,719.96,55.55,"10 days 07:30:00","26 days",-16 days +07:30:00,2166,4.00
2167,334,190,149.97,269.97,55.55,"9 days 12:40:00","32 days",-23 days +12:40:00,2167,3.00
2168,487,152,24.99,184.99,13.51,"8 days 11:50:00","13 days",-5 days +11:50:00,2168,1.00
2169,10,29,239.98,539.98,44.44,"13 days 13:25:00","15 days",-2 days +13:25:00,2169,2.00
2170,317,150,29.97,179.97,16.65,"2 days 14:20:00","3 days",-1 days +14:20:00,2170,3.00
2171,165,196,39.98,639.98,6.25,"12 days 14:20:00","17 days",-5 days +14:20:00,2171,2.00
2172,586,131,49.98,89.98,55.55,"2 days 14:30:00","8 days",-6 days +14:30:00,2172,2.00
2173,143,191,5.97,205.97,2.90,"8 days 13:20:00","6 days","2 days 13:20:00",2173,3.00
2174,600,111,3.98,83.98,4.74,"3 days 12:15:00","12 days",-9 days +12:15:00,2174,2.00
2175,211,3,29.97,129.97,23.06,"4 days 13:15:00","2 days","2 days 13:15:00",2175,3.00
2176,123,90,599.97,919.97,65.22,"15 days 12:30:00","30 days",-15 days +12:30:00,2176,3.00
2177,407,154,39.96,139.96,28.55,"2 days 10:40:00","2 days","10:40:00",2177,4.00
2178,391,168,104.97,344.97,30.43,"6 days 11:30:00","16 days",-10 days +11:30:00,2178,3.00
2179,111,57,59.97,859.97,6.97,"14 days 09:25:00","18 days",-4 days +09:25:00,2179,3.00
2180,343,67,9.98,169.98,5.87,"7 days 10:45:00","2 days","5 days 10:45:00",2180,2.00
2181,280,86,44.97,344.97,13.04,"12 days 11:30:00","7 days","5 days 11:30:00",2181,3.00
2182,488,57,59.97,259.97,23.07,"2 days 07:15:00","3 days",-1 days +07:15:00,2182,3.00
2183,345,86,14.99,114.99,13.04,"1 day 13:40:00","11 days",-10 days +13:40:00,2183,1.00
2184,573,9,159.96,319.96,49.99,"7 days 10:30:00","6 days","1 day 10:30:00",2184,4.00
2185,399,84,2399.96,2519.96,95.24,"9 days 14:10:00","6 days","3 days 14:10:00",2185,4.00
2186,242,21,599.96,899.96,66.67,"6 days 12:25:00","8 days",-2 days +12:25:00,2186,4.00
2187,243,78,89.97,169.97,52.93,"7 days 08:15:00","2 days","5 days 08:15:00",2187,3.00
2188,114,12,89.97,389.97,23.07,"10 days 15:25:00","12 days",-2 days +15:25:00,2188,3.00
2189,214,154,19.98,419.98,4.76,"9 days 12:10:00","7 days","2 days 12:10:00",2189,2.00
2190,304,101,239.97,389.97,61.54,"4 days 07:10:00","8 days",-4 days +07:10:00,2190,3.00
2191,179,118,79.98,829.98,9.64,"14 days 10:15:00","16 days",-2 days +10:15:00,2191,2.00
2192,367,191,3.98,83.98,4.74,"15 days 13:05:00","21 days",-6 days +13:05:00,2192,2.00
2193,589,157,59.97,259.97,23.07,"5 days 10:05:00","15 days",-10 days +10:05:00,2193,3.00
2194,238,93,29.97,329.97,9.08,"14 days 10:40:00","18 days",-4 days +10:40:00,2194,3.00
2195,180,50,29.99,99.99,29.99,"4 days 10:20:00","4 days","10:20:00",2195,1.00
2196,411,108,199.98,499.98,40.00,"4 days 08:40:00","16 days",-12 days +08:40:00,2196,2.00
2197,346,170,399.98,499.98,80.00,"4 days 14:15:00","6 days",-2 days +14:15:00,2197,2.00
2198,585,107,59.99,159.99,37.50,"2 days 14:05:00","9 days",-7 days +14:05:00,2198,1.00
2199,315,133,89.97,289.97,31.03,"3 days 12:30:00","21 days",-18 days +12:30:00,2199,3.00
2200,95,178,239.97,639.97,37.50,"7 days 12:25:00","9 days",-2 days +12:25:00,2200,3.00
2201,464,6,199.99,449.99,44.44,"3 days 12:15:00","19 days",-16 days +12:15:00,2201,1.00
2202,498,117,59.97,359.97,16.66,"9 days 11:15:00","6 days","3 days 11:15:00",2202,3.00
2203,366,85,99.98,499.98,20.00,"7 days 10:30:00","28 days",-21 days +10:30:00,2203,2.00
2204,458,61,139.98,219.98,63.63,"4 days 08:15:00","7 days",-3 days +08:15:00,2204,2.00
2205,7,96,14.99,174.99,8.57,"7 days 14:15:00","34 days",-27 days +14:15:00,2205,1.00
2206,233,100,59.97,299.97,19.99,"7 days 14:35:00","14 days",-7 days +14:35:00,2206,3.00
2207,414,33,59.96,159.96,37.48,"13:05:00","12 days",-12 days +13:05:00,2207,4.00
2208,579,15,299.97,379.97,78.95,"9 days 13:15:00","15 days",-6 days +13:15:00,2208,3.00
2209,495,100,19.99,169.99,11.76,"10:05:00","12 days",-12 days +10:05:00,2209,1.00
2210,80,70,39.96,159.96,24.98,"14 days 13:15:00","17 days",-3 days +13:15:00,2210,4.00
2211,405,79,599.98,759.98,78.95,"8 days 12:45:00","8 days","12:45:00",2211,2.00
2212,289,200,119.97,279.97,42.85,"6 days 13:30:00","6 days","13:30:00",2212,3.00
2213,393,43,59.99,219.99,27.27,"6 days 10:10:00","6 days","10:10:00",2213,1.00
2214,499,75,14.99,414.99,3.61,"8 days 13:30:00","6 days","2 days 13:30:00",2214,1.00
2215,316,146,159.98,659.98,24.24,"9 days 12:15:00","12 days",-3 days +12:15:00,2215,2.00
2216,362,184,89.97,449.97,19.99,"8 days 13:15:00","15 days",-7 days +13:15:00,2216,3.00
2217,103,150,19.98,109.98,18.17,"12 days 14:10:00","6 days","6 days 14:10:00",2217,2.00
2218,238,19,39.99,339.99,11.76,"14 days 10:40:00","18 days",-4 days +10:40:00,2218,1.00
2219,344,108,199.98,499.98,40.00,"16 days 14:30:00","8 days","8 days 14:30:00",2219,2.00
2220,534,10,69.99,229.99,30.43,"6 days 11:00:00","12 days",-6 days +11:00:00,2220,1.00
2221,351,18,89.97,329.97,27.27,"10 days 14:25:00","18 days",-8 days +14:25:00,2221,3.00
2222,177,164,199.99,379.99,52.63,"13 days 06:50:00","8 days","5 days 06:50:00",2222,1.00
2223,26,81,19.99,119.99,16.66,"7 days 11:15:00","6 days","1 day 11:15:00",2223,1.00
2224,23,177,799.96,839.96,95.24,"7 days 13:40:00","11 days",-4 days +13:40:00,2224,4.00
2225,505,83,39.98,279.98,14.28,"9 days 10:10:00","10 days",-1 days +10:10:00,2225,2.00
2226,177,46,199.96,379.96,52.63,"13 days 06:50:00","8 days","5 days 06:50:00",2226,4.00
2227,261,40,59.99,209.99,28.57,"5 days 08:35:00","8 days",-3 days +08:35:00,2227,1.00
2228,482,181,239.97,359.97,66.66,"4 days 09:40:00","8 days",-4 days +09:40:00,2228,3.00
2229,95,173,29.97,429.97,6.97,"7 days 12:25:00","9 days",-2 days +12:25:00,2229,3.00
2230,133,21,449.97,899.97,50.00,"11 days 13:35:00","9 days","2 days 13:35:00",2230,3.00
2231,510,154,19.98,219.98,9.08,"7 days 11:30:00","9 days",-2 days +11:30:00,2231,2.00
2232,447,181,239.97,339.97,70.59,"2 days 13:05:00","6 days",-4 days +13:05:00,2232,3.00
2233,258,99,29.97,109.97,27.25,"11 days 09:40:00","5 days","6 days 09:40:00",2233,3.00
2234,419,6,199.99,599.99,33.33,"9 days 14:30:00","18 days",-9 days +14:30:00,2234,1.00
2235,229,137,599.97,999.97,60.00,"20 days 09:45:00","12 days","8 days 09:45:00",2235,3.00
2236,345,15,299.97,399.97,75.00,"1 day 13:40:00","11 days",-10 days +13:40:00,2236,3.00
2237,231,46,149.97,449.97,33.33,"13 days 11:35:00","16 days",-3 days +11:35:00,2237,3.00
2238,592,37,14.97,414.97,3.61,"10 days 13:05:00","12 days",-2 days +13:05:00,2238,3.00
2239,166,132,39.98,539.98,7.40,"6 days 11:35:00","10 days",-4 days +11:35:00,2239,2.00
2240,309,187,59.99,859.99,6.98,"16 days 14:25:00","23 days",-7 days +14:25:00,2240,1.00
2241,236,71,19.98,259.98,7.69,"6 days 09:25:00","18 days",-12 days +09:25:00,2241,2.00
2242,535,20,49.98,89.98,55.55,"7 days 13:35:00","10 days",-3 days +13:35:00,2242,2.00
2243,493,168,69.98,219.98,31.81,"3 days 12:25:00","17 days",-14 days +12:25:00,2243,2.00
2244,210,90,799.96,1399.96,57.14,"10 days 08:55:00","16 days",-6 days +08:55:00,2244,4.00
2245,274,179,19.98,179.98,11.10,"8 days 09:25:00","18 days",-10 days +09:25:00,2245,2.00
2246,95,31,59.97,459.97,13.04,"7 days 12:25:00","9 days",-2 days +12:25:00,2246,3.00
2247,202,14,239.97,479.97,50.00,"12 days 10:20:00","4 days","8 days 10:20:00",2247,3.00
2248,69,44,119.97,439.97,27.27,"14 days 13:20:00","14 days","13:20:00",2248,3.00
2249,566,115,19.98,179.98,11.10,"7 days 09:15:00","2 days","5 days 09:15:00",2249,2.00
2250,7,174,79.96,239.96,33.32,"7 days 14:15:00","34 days",-27 days +14:15:00,2250,4.00
2251,428,85,199.96,259.96,76.92,"10 days 14:30:00","4 days","6 days 14:30:00",2251,4.00
2252,189,103,74.97,254.97,29.40,"13 days 15:00:00","10 days","3 days 15:00:00",2252,3.00
2253,341,2,99.98,399.98,25.00,"11 days 14:30:00","14 days",-3 days +14:30:00,2253,2.00
2254,369,73,239.97,399.97,60.00,"8 days 10:40:00","18 days",-10 days +10:40:00,2254,3.00
2255,188,13,89.99,179.99,50.00,"9 days 13:20:00","11 days",-2 days +13:20:00,2255,1.00
2256,501,132,79.96,239.96,33.32,"8 days 09:20:00","8 days","09:20:00",2256,4.00
2257,153,34,9.99,169.99,5.88,"8 days 13:35:00","10 days",-2 days +13:35:00,2257,1.00
2258,569,180,79.96,179.96,44.43,"3 days 12:30:00","30 days",-27 days +12:30:00,2258,4.00
2259,87,69,14.97,174.97,8.56,"7 days 14:25:00","18 days",-11 days +14:25:00,2259,3.00
2260,348,179,29.97,269.97,11.10,"9 days 08:15:00","13 days",-4 days +08:15:00,2260,3.00
2261,418,114,44.97,244.97,18.36,"7 days 08:45:00","7 days","08:45:00",2261,3.00
2262,513,190,99.98,199.98,49.99,"4 days 13:30:00","10 days",-6 days +13:30:00,2262,2.00
2263,394,117,59.97,219.97,27.26,"19 days 14:20:00","17 days","2 days 14:20:00",2263,3.00
2264,399,93,39.96,159.96,24.98,"9 days 14:10:00","6 days","3 days 14:10:00",2264,4.00
2265,594,178,239.97,359.97,66.66,"3 days 08:55:00","16 days",-13 days +08:55:00,2265,3.00
2266,193,93,29.97,189.97,15.78,"8 days 08:45:00","7 days","1 day 08:45:00",2266,3.00
2267,300,151,19.99,469.99,4.25,"10 days 13:25:00","15 days",-5 days +13:25:00,2267,1.00
2268,384,19,39.99,199.99,20.00,"7 days 11:35:00","4 days","3 days 11:35:00",2268,1.00
2269,99,163,179.98,419.98,42.85,"7 days 14:05:00","11 days",-4 days +14:05:00,2269,2.00
2270,304,174,59.97,209.97,28.56,"4 days 07:10:00","8 days",-4 days +07:10:00,2270,3.00
2271,296,146,159.98,479.98,33.33,"14 days 09:30:00","35 days",-21 days +09:30:00,2271,2.00
2272,273,58,29.97,189.97,15.78,"10 days 15:40:00","2 days","8 days 15:40:00",2272,3.00
2273,599,57,59.97,209.97,28.56,"2 days 12:40:00","9 days",-7 days +12:40:00,2273,3.00
2274,465,143,4.99,154.99,3.22,"3 days 10:30:00","28 days",-25 days +10:30:00,2274,1.00
2275,446,163,89.99,489.99,18.37,"5 days 14:05:00","6 days",-1 days +14:05:00,2275,1.00
2276,315,42,104.97,304.97,34.42,"3 days 12:30:00","21 days",-18 days +12:30:00,2276,3.00
2277,554,130,299.97,379.97,78.95,"1 day 12:30:00","35 days",-34 days +12:30:00,2277,3.00
2278,11,60,39.98,279.98,14.28,"12 days 12:30:00","21 days",-9 days +12:30:00,2278,2.00
2279,499,65,9.98,409.98,2.43,"8 days 13:30:00","6 days","2 days 13:30:00",2279,2.00
2280,372,19,79.98,279.98,28.57,"4 days 09:45:00","12 days",-8 days +09:45:00,2280,2.00
2281,329,79,299.99,539.99,55.55,"6 days 08:40:00","9 days",-3 days +08:40:00,2281,1.00
2282,551,124,44.97,104.97,42.84,"5 days 10:30:00","6 days",-1 days +10:30:00,2282,3.00
2283,571,167,199.98,359.98,55.55,"6 days 13:15:00","17 days",-11 days +13:15:00,2283,2.00
2284,207,180,19.99,99.99,19.99,"2 days 14:40:00","20 days",-18 days +14:40:00,2284,1.00
2285,213,46,149.97,309.97,48.38,"5 days 13:35:00","7 days",-2 days +13:35:00,2285,3.00
2286,61,156,59.98,659.98,9.09,"10 days 14:10:00","6 days","4 days 14:10:00",2286,2.00
2287,144,33,59.96,99.96,59.98,"11:45:00","2 days",-2 days +11:45:00,2287,4.00
2288,332,164,599.97,899.97,66.67,"6 days 12:15:00","24 days",-18 days +12:15:00,2288,3.00
2289,593,89,19.98,319.98,6.24,"7 days 09:20:00","12 days",-5 days +09:20:00,2289,2.00
2290,520,109,359.96,499.96,72.00,"6 days 08:35:00","11 days",-5 days +08:35:00,2290,4.00
2291,524,124,29.98,109.98,27.26,"2 days 12:40:00","9 days",-7 days +12:40:00,2291,2.00
2292,425,197,2399.96,2499.96,96.00,"12:35:00","2 days",-2 days +12:35:00,2292,4.00
2293,95,162,149.97,549.97,27.27,"7 days 12:25:00","9 days",-2 days +12:25:00,2293,3.00
2294,208,27,79.96,229.96,34.77,"4 days 13:50:00","7 days",-3 days +13:50:00,2294,4.00
2295,321,129,89.97,249.97,35.99,"9 days 10:20:00","2 days","7 days 10:20:00",2295,3.00
2296,360,133,59.98,379.98,15.79,"17 days 11:15:00","12 days","5 days 11:15:00",2296,2.00
2297,530,107,119.98,159.98,75.00,"2 days 13:05:00","1 day","1 day 13:05:00",2297,2.00
2298,220,96,29.98,109.98,27.26,"3 days 14:30:00","8 days",-5 days +14:30:00,2298,2.00
2299,479,122,89.97,169.97,52.93,"1 day 10:00:00","1 day","10:00:00",2299,3.00
2300,301,92,159.98,239.98,66.66,"2 days 10:00:00","1 day","1 day 10:00:00",2300,2.00
2301,72,44,119.97,519.97,23.07,"16 days 08:10:00","9 days","7 days 08:10:00",2301,3.00
2302,493,106,19.98,169.98,11.75,"3 days 12:25:00","17 days",-14 days +12:25:00,2302,2.00
2303,262,12,59.98,219.98,27.27,"13 days 12:40:00","20 days",-7 days +12:40:00,2303,2.00
2304,394,4,449.97,609.97,73.77,"19 days 14:20:00","17 days","2 days 14:20:00",2304,3.00
2305,18,73,319.96,439.96,72.72,"5 days 10:30:00","2 days","3 days 10:30:00",2305,4.00
2306,152,125,149.99,309.99,48.39,"15 days 15:30:00","10 days","5 days 15:30:00",2306,1.00
2307,166,40,239.96,739.96,32.43,"6 days 11:35:00","10 days",-4 days +11:35:00,2307,4.00
2308,134,197,1199.98,1499.98,80.00,"15 days 07:25:00","10 days","5 days 07:25:00",2308,2.00
2309,300,18,59.98,509.98,11.76,"10 days 13:25:00","15 days",-5 days +13:25:00,2309,2.00
2310,99,25,389.97,629.97,61.90,"7 days 14:05:00","11 days",-4 days +14:05:00,2310,3.00
2311,406,67,14.97,114.97,13.02,"2 days 11:50:00","1 day","1 day 11:50:00",2311,3.00
2312,526,135,599.97,799.97,75.00,"5 days 11:55:00","4 days","1 day 11:55:00",2312,3.00
2313,251,14,239.97,539.97,44.44,"9 days 10:10:00","10 days",-1 days +10:10:00,2313,3.00
2314,461,189,179.98,339.98,52.94,"4 days 08:55:00","20 days",-16 days +08:55:00,2314,2.00
2315,109,114,29.98,329.98,9.09,"10 days 14:25:00","18 days",-8 days +14:25:00,2315,2.00
2316,298,121,119.97,359.97,33.33,"12 days 11:35:00","5 days","7 days 11:35:00",2316,3.00
2317,139,43,119.98,569.98,21.05,"13 days 12:55:00","18 days",-5 days +12:55:00,2317,2.00
2318,331,28,59.98,459.98,13.04,"10 days 13:45:00","10 days","13:45:00",2318,2.00
2319,198,183,74.97,154.97,48.38,"5 days 13:05:00","5 days","13:05:00",2319,3.00
2320,45,29,359.97,759.97,47.37,"17 days 11:30:00","16 days","1 day 11:30:00",2320,3.00
2321,474,57,19.99,269.99,7.40,"3 days 08:30:00","8 days",-5 days +08:30:00,2321,1.00
2322,358,90,599.97,839.97,71.43,"9 days 07:35:00","12 days",-3 days +07:35:00,2322,3.00
2323,403,124,29.98,389.98,7.69,"13 days 13:30:00","10 days","3 days 13:30:00",2323,2.00
2324,54,82,149.97,199.97,75.00,"4 days 11:30:00","7 days",-3 days +11:30:00,2324,3.00
2325,238,194,99.98,399.98,25.00,"14 days 10:40:00","18 days",-4 days +10:40:00,2325,2.00
2326,445,148,9.98,209.98,4.75,"5 days 15:40:00","4 days","1 day 15:40:00",2326,2.00
2327,202,166,399.96,639.96,62.50,"12 days 10:20:00","4 days","8 days 10:20:00",2327,4.00
2328,206,181,79.99,679.99,11.76,"10 days 09:25:00","9 days","1 day 09:25:00",2328,1.00
2329,274,124,44.97,204.97,21.94,"8 days 09:25:00","18 days",-10 days +09:25:00,2329,3.00
2330,560,141,59.98,259.98,23.07,"4 days 13:30:00","13 days",-9 days +13:30:00,2330,2.00
2331,334,158,29.99,149.99,19.99,"9 days 12:40:00","32 days",-23 days +12:40:00,2331,1.00
2332,358,33,14.99,254.99,5.88,"9 days 07:35:00","12 days",-3 days +07:35:00,2332,1.00
2333,11,175,199.98,439.98,45.45,"12 days 12:30:00","21 days",-9 days +12:30:00,2333,2.00
2334,554,64,119.97,199.97,59.99,"1 day 12:30:00","35 days",-34 days +12:30:00,2334,3.00
2335,50,175,199.98,499.98,40.00,"13 days 12:25:00","17 days",-4 days +12:25:00,2335,2.00
2336,360,34,39.96,359.96,11.10,"17 days 11:15:00","12 days","5 days 11:15:00",2336,4.00
2337,422,55,49.99,129.99,38.46,"5 days 07:25:00","1 day","4 days 07:25:00",2337,1.00
2338,399,172,159.98,279.98,57.14,"9 days 14:10:00","6 days","3 days 14:10:00",2338,2.00
2339,498,146,79.99,379.99,21.05,"9 days 11:15:00","6 days","3 days 11:15:00",2339,1.00
2340,33,186,9.99,309.99,3.22,"11 days 12:40:00","20 days",-9 days +12:40:00,2340,1.00
2341,282,166,299.97,599.97,50.00,"7 days 12:20:00","20 days",-13 days +12:20:00,2341,3.00
2342,493,94,39.98,189.98,21.04,"3 days 12:25:00","17 days",-14 days +12:25:00,2342,2.00
2343,457,173,9.99,409.99,2.44,"7 days 08:40:00","6 days","1 day 08:40:00",2343,1.00
2344,571,192,14.99,174.99,8.57,"6 days 13:15:00","17 days",-11 days +13:15:00,2344,1.00
2345,391,31,79.96,319.96,24.99,"6 days 11:30:00","16 days",-10 days +11:30:00,2345,4.00
2346,586,139,59.98,99.98,59.99,"2 days 14:30:00","8 days",-6 days +14:30:00,2346,2.00
2347,232,100,79.96,109.96,72.72,"2 days 13:45:00","10 days",-8 days +13:45:00,2347,4.00
2348,32,133,119.96,159.96,74.99,"1 day 12:15:00","2 days",-1 days +12:15:00,2348,4.00
2349,200,2,49.99,369.99,13.51,"17 days 08:40:00","16 days","1 day 08:40:00",2349,1.00
2350,72,87,79.98,479.98,16.66,"16 days 08:10:00","9 days","7 days 08:10:00",2350,2.00
2351,511,127,59.97,559.97,10.71,"6 days 11:30:00","11 days",-5 days +11:30:00,2351,3.00
2352,358,42,104.97,344.97,30.43,"9 days 07:35:00","12 days",-3 days +07:35:00,2352,3.00
2353,564,11,400.00,480.00,83.33,"2 days 08:35:00","11 days",-9 days +08:35:00,2353,4.00
2354,251,160,19.96,319.96,6.24,"9 days 10:10:00","10 days",-1 days +10:10:00,2354,4.00
2355,381,102,449.97,849.97,52.94,"6 days 15:20:00","21 days",-15 days +15:20:00,2355,3.00
2356,129,35,69.98,89.98,77.77,"5 days 13:30:00","10 days",-5 days +13:30:00,2356,2.00
2357,318,144,119.97,519.97,23.07,"14 days 09:25:00","18 days",-4 days +09:25:00,2357,3.00
2358,117,23,239.97,539.97,44.44,"15 days 09:10:00","24 days",-9 days +09:10:00,2358,3.00
2359,371,130,199.98,599.98,33.33,"7 days 07:20:00","8 days",-1 days +07:20:00,2359,2.00
2360,407,46,49.99,149.99,33.33,"2 days 10:40:00","2 days","10:40:00",2360,1.00
2361,143,93,29.97,229.97,13.03,"8 days 13:20:00","6 days","2 days 13:20:00",2361,3.00
2362,74,130,399.96,479.96,83.33,"3 days 06:30:00","3 days","06:30:00",2362,4.00
2363,69,57,59.97,379.97,15.78,"14 days 13:20:00","14 days","13:20:00",2363,3.00
2364,312,47,199.99,299.99,66.67,"8 days 07:35:00","12 days",-4 days +07:35:00,2364,1.00
2365,519,90,599.97,839.97,71.43,"8 days 09:55:00","17 days",-9 days +09:55:00,2365,3.00
2366,312,5,239.97,339.97,70.59,"8 days 07:35:00","12 days",-4 days +07:35:00,2366,3.00
2367,203,24,149.97,449.97,33.33,"7 days 12:55:00","6 days","1 day 12:55:00",2367,3.00
2368,466,71,39.96,199.96,19.98,"5 days 10:30:00","28 days",-23 days +10:30:00,2368,4.00
2369,228,153,599.97,899.97,66.67,"11 days 08:15:00","10 days","1 day 08:15:00",2369,3.00
2370,165,84,1199.98,1799.98,66.67,"12 days 14:20:00","17 days",-5 days +14:20:00,2370,2.00
2371,58,16,25.98,225.98,11.50,"4 days 15:00:00","10 days",-6 days +15:00:00,2371,2.00
2372,498,13,359.96,659.96,54.54,"9 days 11:15:00","6 days","3 days 11:15:00",2372,4.00
2373,126,135,599.97,799.97,75.00,"5 days 13:20:00","11 days",-6 days +13:20:00,2373,3.00
2374,151,195,239.97,439.97,54.54,"9 days 13:55:00","4 days","5 days 13:55:00",2374,3.00
2375,549,173,29.97,179.97,16.65,"4 days 08:15:00","7 days",-3 days +08:15:00,2375,3.00
2376,168,125,449.97,649.97,69.23,"1 day 13:45:00","3 days",-2 days +13:45:00,2376,3.00
2377,373,181,239.97,479.97,50.00,"8 days 13:55:00","4 days","4 days 13:55:00",2377,3.00
2378,150,196,59.97,1059.97,5.66,"18 days 12:35:00","32 days",-14 days +12:35:00,2378,3.00
2379,512,99,19.98,119.98,16.65,"4 days 12:45:00","6 days",-2 days +12:45:00,2379,2.00
2380,451,142,19.96,259.96,7.68,"5 days 15:10:00","14 days",-9 days +15:10:00,2380,4.00
2381,102,64,119.97,179.97,66.66,"4 days 13:45:00","12 days",-8 days +13:45:00,2381,3.00
2382,346,17,59.97,159.97,37.49,"4 days 14:15:00","6 days",-2 days +14:15:00,2382,3.00
2383,595,42,139.96,339.96,41.17,"3 days 13:40:00","11 days",-8 days +13:40:00,2383,4.00
2384,277,54,39.99,119.99,33.33,"4 days 12:25:00","14 days",-10 days +12:25:00,2384,1.00
2385,310,165,9.99,209.99,4.76,"6 days 07:35:00","12 days",-6 days +07:35:00,2385,1.00
2386,22,109,179.98,299.98,60.00,"13 days 10:35:00","6 days","7 days 10:35:00",2386,2.00
2387,110,141,119.96,279.96,42.85,"8 days 08:35:00","22 days",-14 days +08:35:00,2387,4.00
2388,408,35,69.98,369.98,18.91,"8 days 12:10:00","8 days","12:10:00",2388,2.00
2389,287,39,239.98,839.98,28.57,"13 days 13:10:00","9 days","4 days 13:10:00",2389,2.00
2390,171,162,199.96,799.96,25.00,"9 days 10:05:00","10 days",-1 days +10:05:00,2390,4.00
2391,153,191,3.98,163.98,2.43,"8 days 13:35:00","10 days",-2 days +13:35:00,2391,2.00
2392,547,32,39.99,199.99,20.00,"7 days 13:45:00","12 days",-5 days +13:45:00,2392,1.00
2393,115,28,59.98,459.98,13.04,"18 days 13:15:00","4 days","14 days 13:15:00",2393,2.00
2394,182,5,319.96,619.96,51.61,"11 days 14:15:00","6 days","5 days 14:15:00",2394,4.00
2395,398,117,39.98,199.98,19.99,"14 days 07:20:00","12 days","2 days 07:20:00",2395,2.00
2396,490,80,3.98,83.98,4.74,"4 days 12:15:00","6 days",-2 days +12:15:00,2396,2.00
2397,538,156,59.98,139.98,42.85,"5 days 09:40:00","7 days",-2 days +09:40:00,2397,2.00
2398,186,127,39.98,279.98,14.28,"10 days 13:25:00","15 days",-5 days +13:25:00,2398,2.00
2399,40,44,159.96,239.96,66.66,"11 days 07:35:00","8 days","3 days 07:35:00",2399,4.00
2400,179,90,799.96,1549.96,51.61,"14 days 10:15:00","16 days",-2 days +10:15:00,2400,4.00
2401,197,82,99.98,699.98,14.28,"12 days 12:20:00","20 days",-8 days +12:20:00,2401,2.00
2402,466,150,29.97,189.97,15.78,"5 days 10:30:00","28 days",-23 days +10:30:00,2402,3.00
2403,284,116,89.97,329.97,27.27,"7 days 08:15:00","10 days",-3 days +08:15:00,2403,3.00
2404,350,197,599.99,799.99,75.00,"1 day 13:20:00","11 days",-10 days +13:20:00,2404,1.00
2405,161,198,99.98,199.98,49.99,"4 days 11:45:00","10 days",-6 days +11:45:00,2405,2.00
2406,473,99,29.97,109.97,27.25,"2 days 14:25:00","18 days",-16 days +14:25:00,2406,3.00
2407,192,33,44.97,284.97,15.78,"8 days 13:30:00","10 days",-2 days +13:30:00,2407,3.00
2408,51,150,19.98,419.98,4.76,"11 days 08:35:00","22 days",-11 days +08:35:00,2408,2.00
2409,377,40,59.99,299.99,20.00,"12 days 10:05:00","12 days","10:05:00",2409,1.00
2410,228,92,239.97,539.97,44.44,"11 days 08:15:00","10 days","1 day 08:15:00",2410,3.00
2411,283,67,9.98,249.98,3.99,"10 days 14:25:00","4 days","6 days 14:25:00",2411,2.00
2412,271,34,39.96,489.96,8.16,"9 days 12:40:00","9 days","12:40:00",2412,4.00
2413,526,55,99.98,299.98,33.33,"5 days 11:55:00","4 days","1 day 11:55:00",2413,2.00
2414,372,147,59.98,259.98,23.07,"4 days 09:45:00","12 days",-8 days +09:45:00,2414,2.00
2415,200,56,389.97,709.97,54.93,"17 days 08:40:00","16 days","1 day 08:40:00",2415,3.00
2416,265,152,74.97,154.97,48.38,"12 days 13:00:00","20 days",-8 days +13:00:00,2416,3.00
2417,361,86,29.98,329.98,9.09,"5 days 06:50:00","6 days",-1 days +06:50:00,2417,2.00
2418,303,21,299.98,539.98,55.55,"9 days 11:30:00","4 days","5 days 11:30:00",2418,2.00
2419,74,79,599.98,679.98,88.23,"3 days 06:30:00","3 days","06:30:00",2419,2.00
2420,408,27,19.99,319.99,6.25,"8 days 12:10:00","8 days","12:10:00",2420,1.00
2421,436,192,44.97,124.97,35.98,"4 days 13:25:00","5 days",-1 days +13:25:00,2421,3.00
2422,171,9,159.96,759.96,21.05,"9 days 10:05:00","10 days",-1 days +10:05:00,2422,4.00
2423,30,49,319.96,439.96,72.72,"3 days 11:10:00","2 days","1 day 11:10:00",2423,4.00
2424,268,5,159.98,359.98,44.44,"7 days 15:10:00","14 days",-7 days +15:10:00,2424,2.00
2425,201,114,29.98,229.98,13.04,"8 days 13:20:00","30 days",-22 days +13:20:00,2425,2.00
2426,211,185,19.98,119.98,16.65,"4 days 13:15:00","2 days","2 days 13:15:00",2426,2.00
2427,116,177,799.96,1099.96,72.73,"12 days 13:35:00","10 days","2 days 13:35:00",2427,4.00
2428,173,144,159.96,319.96,49.99,"7 days 12:30:00","6 days","1 day 12:30:00",2428,4.00
2429,50,136,79.99,379.99,21.05,"13 days 12:25:00","17 days",-4 days +12:25:00,2429,1.00
2430,575,192,29.98,189.98,15.78,"9 days 11:50:00","13 days",-4 days +11:50:00,2430,2.00
2431,340,109,269.97,369.97,72.97,"5 days 12:45:00","8 days",-3 days +12:45:00,2431,3.00
2432,450,118,79.98,279.98,28.57,"3 days 07:20:00","8 days",-5 days +07:20:00,2432,2.00
2433,578,46,199.96,349.96,57.14,"13:35:00","7 days",-7 days +13:35:00,2433,4.00
2434,564,90,399.98,479.98,83.33,"2 days 08:35:00","11 days",-9 days +08:35:00,2434,2.00
2435,59,144,79.98,119.98,66.66,"8 days 08:40:00","9 days",-1 days +08:40:00,2435,2.00
2436,172,70,9.99,169.99,5.88,"9 days 08:45:00","32 days",-23 days +08:45:00,2436,1.00
2437,542,186,19.98,259.98,7.69,"7 days 12:30:00","35 days",-28 days +12:30:00,2437,2.00
2438,208,79,899.97,1049.97,85.71,"4 days 13:50:00","7 days",-3 days +13:50:00,2438,3.00
2439,94,82,99.98,259.98,38.46,"8 days 09:25:00","2 days","6 days 09:25:00",2439,2.00
2440,281,149,209.97,369.97,56.75,"7 days 09:25:00","18 days",-11 days +09:25:00,2440,3.00
2441,291,83,59.97,219.97,27.26,"9 days 10:25:00","6 days","3 days 10:25:00",2441,3.00
2442,140,21,149.99,199.99,75.00,"3 days 14:15:00","6 days",-3 days +14:15:00,2442,1.00
2443,191,54,159.96,399.96,39.99,"12 days 08:40:00","3 days","9 days 08:40:00",2443,4.00
2444,56,60,59.97,379.97,15.78,"15 days 08:30:00","8 days","7 days 08:30:00",2444,3.00
2445,388,100,39.98,279.98,14.28,"14 days 06:50:00","8 days","6 days 06:50:00",2445,2.00
2446,130,195,159.98,439.98,36.36,"17 days 11:15:00","12 days","5 days 11:15:00",2446,2.00
2447,334,21,299.98,419.98,71.43,"9 days 12:40:00","32 days",-23 days +12:40:00,2447,2.00
2448,456,98,239.97,319.97,75.00,"5 days 13:25:00","11 days",-6 days +13:25:00,2448,3.00
2449,175,108,299.97,419.97,71.43,"10 days 06:40:00","17 days",-7 days +06:40:00,2449,3.00
2450,269,112,44.97,284.97,15.78,"7 days 09:55:00","17 days",-10 days +09:55:00,2450,3.00
2451,180,69,9.98,79.98,12.48,"4 days 10:20:00","4 days","10:20:00",2451,2.00
2452,251,137,599.97,899.97,66.67,"9 days 10:10:00","10 days",-1 days +10:10:00,2452,3.00
2453,179,115,39.96,789.96,5.06,"14 days 10:15:00","16 days",-2 days +10:15:00,2453,4.00
2454,482,29,119.99,239.99,50.00,"4 days 09:40:00","8 days",-4 days +09:40:00,2454,1.00
2455,196,49,159.98,519.98,30.77,"11 days 09:45:00","8 days","3 days 09:45:00",2455,2.00
2456,107,191,3.98,103.98,3.83,"5 days 13:40:00","12 days",-7 days +13:40:00,2456,2.00
2457,246,197,2399.96,2549.96,94.12,"2 days 14:35:00","14 days",-12 days +14:35:00,2457,4.00
2458,319,177,599.97,1079.97,55.55,"10 days 13:20:00","8 days","2 days 13:20:00",2458,3.00
2459,309,5,239.97,1039.97,23.07,"16 days 14:25:00","23 days",-7 days +14:25:00,2459,3.00
2460,325,106,29.97,629.97,4.76,"13 days 14:25:00","23 days",-10 days +14:25:00,2460,3.00
2461,21,69,9.98,409.98,2.43,"17 days 07:30:00","20 days",-3 days +07:30:00,2461,2.00
2462,190,89,19.98,39.98,49.97,"4 days 13:20:00","6 days",-2 days +13:20:00,2462,2.00
2463,499,51,269.97,669.97,40.30,"8 days 13:30:00","6 days","2 days 13:30:00",2463,3.00
2464,230,108,199.98,259.98,76.92,"8 days 13:05:00","12 days",-4 days +13:05:00,2464,2.00
2465,20,24,149.97,349.97,42.85,"10 days 07:30:00","20 days",-10 days +07:30:00,2465,3.00
2466,26,12,29.99,129.99,23.07,"7 days 11:15:00","6 days","1 day 11:15:00",2466,1.00
2467,388,34,39.96,279.96,14.27,"14 days 06:50:00","8 days","6 days 06:50:00",2467,4.00
2468,451,38,39.96,279.96,14.27,"5 days 15:10:00","14 days",-9 days +15:10:00,2468,4.00
2469,179,132,79.96,829.96,9.63,"14 days 10:15:00","16 days",-2 days +10:15:00,2469,4.00
2470,116,124,59.96,359.96,16.66,"12 days 13:35:00","10 days","2 days 13:35:00",2470,4.00
2471,159,46,49.99,199.99,25.00,"10 days 07:20:00","8 days","2 days 07:20:00",2471,1.00
2472,402,165,29.97,179.97,16.65,"3 days 08:15:00","13 days",-10 days +08:15:00,2472,3.00
2473,477,140,19.98,219.98,9.08,"6 days 07:15:00","6 days","07:15:00",2473,2.00
2474,250,185,9.99,209.99,4.76,"7 days 12:15:00","12 days",-5 days +12:15:00,2474,1.00
2475,105,30,159.98,479.98,33.33,"9 days 06:40:00","17 days",-8 days +06:40:00,2475,2.00
2476,49,86,29.98,89.98,33.32,"8 days 12:25:00","5 days","3 days 12:25:00",2476,2.00
2477,62,9,119.97,519.97,23.07,"11 days 10:45:00","30 days",-19 days +10:45:00,2477,3.00
2478,70,148,14.97,314.97,4.75,"9 days 11:55:00","8 days","1 day 11:55:00",2478,3.00
2479,173,82,49.99,209.99,23.81,"7 days 12:30:00","6 days","1 day 12:30:00",2479,1.00
2480,155,167,199.98,359.98,55.55,"7 days 08:55:00","20 days",-13 days +08:55:00,2480,2.00
2481,368,113,119.97,619.97,19.35,"8 days 14:05:00","9 days",-1 days +14:05:00,2481,3.00
2482,125,103,49.98,209.98,23.80,"6 days 14:45:00","2 days","4 days 14:45:00",2482,2.00
2483,104,170,399.98,699.98,57.14,"6 days 13:25:00","5 days","1 day 13:25:00",2483,2.00
2484,149,56,389.97,549.97,70.91,"7 days 13:20:00","30 days",-23 days +13:20:00,2484,3.00
2485,58,96,59.96,259.96,23.07,"4 days 15:00:00","10 days",-6 days +15:00:00,2485,4.00
2486,71,99,9.99,309.99,3.22,"5 days 14:45:00","4 days","1 day 14:45:00",2486,1.00
2487,381,154,29.97,429.97,6.97,"6 days 15:20:00","21 days",-15 days +15:20:00,2487,3.00
2488,592,94,19.99,419.99,4.76,"10 days 13:05:00","12 days",-2 days +13:05:00,2488,1.00
2489,173,143,9.98,169.98,5.87,"7 days 12:30:00","6 days","1 day 12:30:00",2489,2.00
2490,456,113,79.98,159.98,49.99,"5 days 13:25:00","11 days",-6 days +13:25:00,2490,2.00
2491,44,35,69.98,309.98,22.58,"9 days 13:35:00","7 days","2 days 13:35:00",2491,2.00
2492,356,102,449.97,1049.97,42.86,"7 days 12:30:00","30 days",-23 days +12:30:00,2492,3.00
2493,71,7,569.97,869.97,65.52,"5 days 14:45:00","4 days","1 day 14:45:00",2493,3.00
2494,145,184,89.97,229.97,39.12,"9 days 08:40:00","9 days","08:40:00",2494,3.00
2495,504,94,79.96,159.96,49.99,"2 days 08:15:00","13 days",-11 days +08:15:00,2495,4.00
2496,458,190,99.98,179.98,55.55,"4 days 08:15:00","7 days",-3 days +08:15:00,2496,2.00
2497,262,16,51.96,211.96,24.51,"13 days 12:40:00","20 days",-7 days +12:40:00,2497,4.00
2498,18,44,119.97,239.97,49.99,"5 days 10:30:00","2 days","3 days 10:30:00",2498,3.00
2499,51,46,99.98,499.98,20.00,"11 days 08:35:00","22 days",-11 days +08:35:00,2499,2.00
2500,73,101,239.97,539.97,44.44,"8 days 12:45:00","8 days","12:45:00",2500,3.00
2501,145,116,29.99,169.99,17.64,"9 days 08:40:00","9 days","08:40:00",2501,1.00
2502,310,22,59.98,259.98,23.07,"6 days 07:35:00","12 days",-6 days +07:35:00,2502,2.00
2503,197,138,399.98,999.98,40.00,"12 days 12:20:00","20 days",-8 days +12:20:00,2503,2.00
2504,476,102,149.99,349.99,42.86,"2 days 15:00:00","10 days",-8 days +15:00:00,2504,1.00
2505,465,170,599.97,749.97,80.00,"3 days 10:30:00","28 days",-25 days +10:30:00,2505,3.00
2506,528,134,39.96,239.96,16.65,"1 day 13:40:00","11 days",-10 days +13:40:00,2506,4.00
2507,510,64,119.97,319.97,37.49,"7 days 11:30:00","9 days",-2 days +11:30:00,2507,3.00
2508,49,165,19.98,79.98,24.98,"8 days 12:25:00","5 days","3 days 12:25:00",2508,2.00
2509,597,73,79.99,239.99,33.33,"8 days 10:45:00","30 days",-22 days +10:45:00,2509,1.00
2510,519,116,89.97,329.97,27.27,"8 days 09:55:00","17 days",-9 days +09:55:00,2510,3.00
2511,204,58,29.97,229.97,13.03,"6 days 11:30:00","9 days",-3 days +11:30:00,2511,3.00
2512,493,139,59.98,209.98,28.56,"3 days 12:25:00","17 days",-14 days +12:25:00,2512,2.00
2513,558,115,29.97,279.97,10.70,"3 days 10:05:00","12 days",-9 days +10:05:00,2513,3.00
2514,297,167,199.98,439.98,45.45,"11 days 12:25:00","9 days","2 days 12:25:00",2514,2.00
2515,50,143,9.98,309.98,3.22,"13 days 12:25:00","17 days",-4 days +12:25:00,2515,2.00
2516,272,141,59.98,219.98,27.27,"5 days 13:10:00","14 days",-9 days +13:10:00,2516,2.00
2517,527,179,29.97,189.97,15.78,"9 days 14:40:00","20 days",-11 days +14:40:00,2517,3.00
2518,578,23,239.97,389.97,61.54,"13:35:00","7 days",-7 days +13:35:00,2518,3.00
2519,36,111,3.98,323.98,1.23,"16 days 09:25:00","7 days","9 days 09:25:00",2519,2.00
2520,264,158,59.98,299.98,19.99,"12 days 11:30:00","11 days","1 day 11:30:00",2520,2.00
2521,450,197,1199.98,1399.98,85.71,"3 days 07:20:00","8 days",-5 days +07:20:00,2521,2.00
2522,502,127,39.98,99.98,39.99,"7 days 10:15:00","16 days",-9 days +10:15:00,2522,2.00
2523,64,86,44.97,494.97,9.09,"14 days 06:40:00","17 days",-3 days +06:40:00,2523,3.00
2524,177,19,119.97,299.97,39.99,"13 days 06:50:00","8 days","5 days 06:50:00",2524,3.00
2525,601,77,69.98,269.98,25.92,"1 day 10:05:00","15 days",-14 days +10:05:00,2525,2.00
2526,160,106,39.96,399.96,9.99,"7 days 08:30:00","16 days",-9 days +08:30:00,2526,4.00
2527,539,74,99.98,299.98,33.33,"4 days 14:30:00","3 days","1 day 14:30:00",2527,2.00
2528,566,137,599.97,759.97,78.95,"7 days 09:15:00","2 days","5 days 09:15:00",2528,3.00
2529,228,109,359.96,659.96,54.54,"11 days 08:15:00","10 days","1 day 08:15:00",2529,4.00
2530,88,129,29.99,109.99,27.27,"8 days 10:30:00","28 days",-20 days +10:30:00,2530,1.00
2531,111,48,8.97,808.97,1.11,"14 days 09:25:00","18 days",-4 days +09:25:00,2531,3.00
2532,314,179,39.96,279.96,14.27,"20 days 12:30:00","6 days","14 days 12:30:00",2532,4.00
2533,73,9,79.98,379.98,21.05,"8 days 12:45:00","8 days","12:45:00",2533,2.00
2534,201,95,299.97,499.97,60.00,"8 days 13:20:00","30 days",-22 days +13:20:00,2534,3.00
2535,421,2,149.97,269.97,55.55,"1 day 13:45:00","12 days",-11 days +13:45:00,2535,3.00
2536,454,31,59.97,209.97,28.56,"4 days 14:45:00","2 days","2 days 14:45:00",2536,3.00
2537,137,103,74.97,314.97,23.80,"11 days 14:05:00","11 days","14:05:00",2537,3.00
2538,385,50,119.96,419.96,28.56,"15 days 12:15:00","24 days",-9 days +12:15:00,2538,4.00
2539,209,69,4.99,304.99,1.64,"10 days 07:10:00","8 days","2 days 07:10:00",2539,1.00
2540,194,89,29.97,779.97,3.84,"12 days 09:10:00","24 days",-12 days +09:10:00,2540,3.00
2541,97,84,1199.98,1519.98,78.95,"16 days 12:30:00","35 days",-19 days +12:30:00,2541,2.00
2542,540,40,179.97,259.97,69.23,"6 days 09:20:00","9 days",-3 days +09:20:00,2542,3.00
2543,77,138,799.96,1159.96,68.96,"13 days 10:20:00","6 days","7 days 10:20:00",2543,4.00
2544,486,112,44.97,204.97,21.94,"7 days 11:35:00","5 days","2 days 11:35:00",2544,3.00
2545,454,173,9.99,159.99,6.24,"4 days 14:45:00","2 days","2 days 14:45:00",2545,1.00
2546,505,27,39.98,279.98,14.28,"9 days 10:10:00","10 days",-1 days +10:10:00,2546,2.00
2547,268,86,44.97,244.97,18.36,"7 days 15:10:00","14 days",-7 days +15:10:00,2547,3.00
2548,454,166,199.98,349.98,57.14,"4 days 14:45:00","2 days","2 days 14:45:00",2548,2.00
2549,590,21,299.98,349.98,85.71,"2 days 09:45:00","1 day","1 day 09:45:00",2549,2.00
2550,206,8,479.97,1079.97,44.44,"10 days 09:25:00","9 days","1 day 09:25:00",2550,3.00
2551,473,80,7.96,87.96,9.05,"2 days 14:25:00","18 days",-16 days +14:25:00,2551,4.00
2552,564,29,119.99,199.99,60.00,"2 days 08:35:00","11 days",-9 days +08:35:00,2552,1.00
2553,219,61,139.98,739.98,18.92,"9 days 13:30:00","13 days",-4 days +13:30:00,2553,2.00
2554,224,104,29.99,149.99,19.99,"6 days 08:50:00","8 days",-2 days +08:50:00,2554,1.00
2555,600,178,79.99,159.99,50.00,"3 days 12:15:00","12 days",-9 days +12:15:00,2555,1.00
2556,207,163,89.99,169.99,52.94,"2 days 14:40:00","20 days",-18 days +14:40:00,2556,1.00
2557,487,197,599.99,759.99,78.95,"8 days 11:50:00","13 days",-5 days +11:50:00,2557,1.00
2558,35,188,299.97,329.97,90.91,"4 days 12:45:00","2 days","2 days 12:45:00",2558,3.00
2559,499,26,199.98,599.98,33.33,"8 days 13:30:00","6 days","2 days 13:30:00",2559,2.00
2560,545,98,79.99,239.99,33.33,"6 days 10:05:00","15 days",-9 days +10:05:00,2560,1.00
2561,42,148,9.98,309.98,3.22,"10 days 11:00:00","12 days",-2 days +11:00:00,2561,2.00
2562,9,34,39.96,279.96,14.27,"12 days 07:10:00","3 days","9 days 07:10:00",2562,4.00
2563,149,143,9.98,169.98,5.87,"7 days 13:20:00","30 days",-23 days +13:20:00,2563,2.00
2564,551,26,199.98,259.98,76.92,"5 days 10:30:00","6 days",-1 days +10:30:00,2564,2.00
2565,536,44,79.98,319.98,25.00,"7 days 12:30:00","35 days",-28 days +12:30:00,2565,2.00
2566,368,177,599.97,1099.97,54.54,"8 days 14:05:00","9 days",-1 days +14:05:00,2566,3.00
2567,242,149,209.97,509.97,41.17,"6 days 12:25:00","8 days",-2 days +12:25:00,2567,3.00
2568,422,97,799.96,879.96,90.91,"5 days 07:25:00","1 day","4 days 07:25:00",2568,4.00
2569,389,17,79.96,439.96,18.17,"9 days 09:40:00","8 days","1 day 09:40:00",2569,4.00
2570,208,86,44.97,194.97,23.07,"4 days 13:50:00","7 days",-3 days +13:50:00,2570,3.00
2571,327,107,119.98,279.98,42.85,"7 days 13:20:00","30 days",-23 days +13:20:00,2571,2.00
2572,191,96,59.96,299.96,19.99,"12 days 08:40:00","3 days","9 days 08:40:00",2572,4.00
2573,25,49,159.98,259.98,61.54,"5 days 11:40:00","4 days","1 day 11:40:00",2573,2.00
2574,236,100,59.97,299.97,19.99,"6 days 09:25:00","18 days",-12 days +09:25:00,2574,3.00
2575,495,143,9.98,159.98,6.24,"10:05:00","12 days",-12 days +10:05:00,2575,2.00
2576,550,102,599.96,759.96,78.95,"6 days 12:40:00","32 days",-26 days +12:40:00,2576,4.00
2577,465,9,79.98,229.98,34.78,"3 days 10:30:00","28 days",-25 days +10:30:00,2577,2.00
2578,47,166,299.97,399.97,75.00,"5 days 12:35:00","8 days",-3 days +12:35:00,2578,3.00
2579,26,113,159.96,259.96,61.53,"7 days 11:15:00","6 days","1 day 11:15:00",2579,4.00
2580,197,90,199.99,799.99,25.00,"12 days 12:20:00","20 days",-8 days +12:20:00,2580,1.00
2581,433,27,39.98,119.98,33.32,"4 days 10:05:00","12 days",-8 days +10:05:00,2581,2.00
2582,217,12,29.99,269.99,11.11,"18 days 07:20:00","4 days","14 days 07:20:00",2582,1.00
2583,108,52,239.97,399.97,60.00,"8 days 11:40:00","4 days","4 days 11:40:00",2583,3.00
2584,291,15,199.98,359.98,55.55,"9 days 10:25:00","6 days","3 days 10:25:00",2584,2.00
2585,596,95,199.98,279.98,71.43,"2 days 13:20:00","7 days",-5 days +13:20:00,2585,2.00
2586,577,108,299.97,339.97,88.23,"5 days 09:45:00","8 days",-3 days +09:45:00,2586,3.00
2587,237,179,29.97,129.97,23.06,"3 days 10:30:00","28 days",-25 days +10:30:00,2587,3.00
2588,240,170,399.98,479.98,83.33,"6 days 10:40:00","14 days",-8 days +10:40:00,2588,2.00
2589,516,69,9.98,89.98,11.09,"2 days 12:10:00","7 days",-5 days +12:10:00,2589,2.00
2590,109,30,79.99,379.99,21.05,"10 days 14:25:00","18 days",-8 days +14:25:00,2590,1.00
2591,33,43,119.98,419.98,28.57,"11 days 12:40:00","20 days",-9 days +12:40:00,2591,2.00
2592,114,19,159.96,459.96,34.78,"10 days 15:25:00","12 days",-2 days +15:25:00,2592,4.00
2593,286,36,199.98,499.98,40.00,"8 days 11:45:00","10 days",-2 days +11:45:00,2593,2.00
2594,90,101,159.98,959.98,16.66,"13 days 13:20:00","6 days","7 days 13:20:00",2594,2.00
2595,205,54,79.98,229.98,34.78,"4 days 09:25:00","18 days",-14 days +09:25:00,2595,2.00
2596,195,90,199.99,319.99,62.50,"8 days 14:25:00","23 days",-15 days +14:25:00,2596,1.00
2597,421,8,319.98,439.98,72.73,"1 day 13:45:00","12 days",-11 days +13:45:00,2597,2.00
2598,439,147,89.97,589.97,15.25,"8 days 14:15:00","19 days",-11 days +14:15:00,2598,3.00
2599,257,193,159.96,369.96,43.24,"12 days 12:20:00","5 days","7 days 12:20:00",2599,4.00
2600,58,102,299.98,499.98,60.00,"4 days 15:00:00","10 days",-6 days +15:00:00,2600,2.00
2601,544,52,239.97,339.97,70.59,"1 day 12:25:00","8 days",-7 days +12:25:00,2601,3.00
2602,564,2,199.96,279.96,71.42,"2 days 08:35:00","11 days",-9 days +08:35:00,2602,4.00
2603,554,120,39.98,119.98,33.32,"1 day 12:30:00","35 days",-34 days +12:30:00,2603,2.00
2604,9,87,159.96,399.96,39.99,"12 days 07:10:00","3 days","9 days 07:10:00",2604,4.00
2605,143,109,359.96,559.96,64.28,"8 days 13:20:00","6 days","2 days 13:20:00",2605,4.00
2606,108,42,139.96,299.96,46.66,"8 days 11:40:00","4 days","4 days 11:40:00",2606,4.00
2607,387,46,149.97,269.97,55.55,"4 days 13:35:00","20 days",-16 days +13:35:00,2607,3.00
2608,231,79,299.99,599.99,50.00,"13 days 11:35:00","16 days",-3 days +11:35:00,2608,1.00
2609,253,58,19.98,219.98,9.08,"8 days 13:15:00","15 days",-7 days +13:15:00,2609,2.00
2610,330,114,29.98,629.98,4.76,"12 days 12:40:00","32 days",-20 days +12:40:00,2610,2.00
2611,550,3,19.98,179.98,11.10,"6 days 12:40:00","32 days",-26 days +12:40:00,2611,2.00
2612,299,141,119.96,519.96,23.07,"7 days 07:40:00","14 days",-7 days +07:40:00,2612,4.00
2613,365,3,39.96,199.96,19.98,"8 days 12:35:00","8 days","12:35:00",2613,4.00
2614,34,103,49.98,249.98,19.99,"6 days 08:45:00","32 days",-26 days +08:45:00,2614,2.00
2615,170,175,299.97,799.97,37.50,"7 days 10:15:00","13 days",-6 days +10:15:00,2615,3.00
2616,432,165,29.97,49.97,59.98,"6 days 09:40:00","5 days","1 day 09:40:00",2616,3.00
2617,359,97,399.98,719.98,55.55,"18 days 14:20:00","17 days","1 day 14:20:00",2617,2.00
2618,492,169,9.99,69.99,14.27,"7 days 13:20:00","14 days",-7 days +13:20:00,2618,1.00
2619,459,168,69.98,129.98,53.84,"7 days 12:40:00","20 days",-13 days +12:40:00,2619,2.00
2620,88,117,19.99,99.99,19.99,"8 days 10:30:00","28 days",-20 days +10:30:00,2620,1.00
2621,502,103,74.97,134.97,55.55,"7 days 10:15:00","16 days",-9 days +10:15:00,2621,3.00
2622,311,53,39.98,199.98,19.99,"7 days 09:15:00","2 days","5 days 09:15:00",2622,2.00
2623,172,169,29.97,189.97,15.78,"9 days 08:45:00","32 days",-23 days +08:45:00,2623,3.00
2624,581,151,59.97,459.97,13.04,"7 days 07:35:00","6 days","1 day 07:35:00",2624,3.00
2625,476,3,19.98,219.98,9.08,"2 days 15:00:00","10 days",-8 days +15:00:00,2625,2.00
2626,425,185,9.99,109.99,9.08,"12:35:00","2 days",-2 days +12:35:00,2626,1.00
2627,328,172,159.98,479.98,33.33,"10 days 10:50:00","16 days",-6 days +10:50:00,2627,2.00
2628,276,28,59.98,159.98,37.49,"4 days 13:40:00","11 days",-7 days +13:40:00,2628,2.00
2629,26,13,359.96,459.96,78.26,"7 days 11:15:00","6 days","1 day 11:15:00",2629,4.00
2630,586,45,129.99,169.99,76.47,"2 days 14:30:00","8 days",-6 days +14:30:00,2630,1.00
2631,501,78,29.99,189.99,15.79,"8 days 09:20:00","8 days","09:20:00",2631,1.00
2632,109,56,519.96,819.96,63.41,"10 days 14:25:00","18 days",-8 days +14:25:00,2632,4.00
2633,215,45,259.98,579.98,44.83,"12 days 10:45:00","30 days",-18 days +10:45:00,2633,2.00
2634,46,192,59.96,259.96,23.07,"5 days 13:50:00","4 days","1 day 13:50:00",2634,4.00
2635,66,167,299.97,699.97,42.85,"5 days 15:10:00","14 days",-9 days +15:10:00,2635,3.00
2636,386,125,449.97,1049.97,42.86,"11 days 14:35:00","14 days",-3 days +14:35:00,2636,3.00
2637,47,155,39.96,139.96,28.55,"5 days 12:35:00","8 days",-3 days +12:35:00,2637,4.00
2638,175,86,29.98,149.98,19.99,"10 days 06:40:00","17 days",-7 days +06:40:00,2638,2.00
2639,349,156,89.97,209.97,42.85,"11 days 14:35:00","3 days","8 days 14:35:00",2639,3.00
2640,478,9,79.98,159.98,49.99,"3 days 11:30:00","9 days",-6 days +11:30:00,2640,2.00
2641,226,18,29.99,109.99,27.27,"6 days 12:55:00","2 days","4 days 12:55:00",2641,1.00
2642,534,187,179.97,339.97,52.94,"6 days 11:00:00","12 days",-6 days +11:00:00,2642,3.00
2643,528,64,119.97,319.97,37.49,"1 day 13:40:00","11 days",-10 days +13:40:00,2643,3.00
2644,146,88,29.97,429.97,6.97,"11 days 10:30:00","28 days",-17 days +10:30:00,2644,3.00
2645,172,85,99.98,259.98,38.46,"9 days 08:45:00","32 days",-23 days +08:45:00,2645,2.00
2646,590,172,159.98,209.98,76.19,"2 days 09:45:00","1 day","1 day 09:45:00",2646,2.00
2647,440,110,199.96,499.96,40.00,"8 days 12:35:00","8 days","12:35:00",2647,4.00
2648,365,139,59.98,219.98,27.27,"8 days 12:35:00","8 days","12:35:00",2648,2.00
2649,38,97,399.98,599.98,66.67,"8 days 13:40:00","11 days",-3 days +13:40:00,2649,2.00
2650,54,188,299.97,349.97,85.71,"4 days 11:30:00","7 days",-3 days +11:30:00,2650,3.00
2651,130,91,199.98,479.98,41.66,"17 days 11:15:00","12 days","5 days 11:15:00",2651,2.00
2652,355,165,39.96,359.96,11.10,"14 days 07:20:00","12 days","2 days 07:20:00",2652,4.00
2653,148,85,99.98,549.98,18.18,"8 days 13:20:00","7 days","1 day 13:20:00",2653,2.00
2654,295,183,74.97,474.97,15.78,"8 days 16:00:00","13 days",-5 days +16:00:00,2654,3.00
2655,322,188,299.97,599.97,50.00,"6 days 12:50:00","4 days","2 days 12:50:00",2655,3.00
2656,60,66,19.98,219.98,9.08,"4 days 13:15:00","17 days",-13 days +13:15:00,2656,2.00
2657,302,42,34.99,484.99,7.21,"11 days 08:50:00","10 days","1 day 08:50:00",2657,1.00
2658,173,69,9.98,169.98,5.87,"7 days 12:30:00","6 days","1 day 12:30:00",2658,2.00
2659,363,161,239.97,439.97,54.54,"9 days 12:25:00","14 days",-5 days +12:25:00,2659,3.00
2660,173,66,19.98,179.98,11.10,"7 days 12:30:00","6 days","1 day 12:30:00",2660,2.00
2661,469,149,209.97,609.97,34.42,"9 days 10:50:00","16 days",-7 days +10:50:00,2661,3.00
2662,366,159,19.98,419.98,4.76,"7 days 10:30:00","28 days",-21 days +10:30:00,2662,2.00
2663,68,92,239.97,479.97,50.00,"13 days 10:50:00","15 days",-2 days +10:50:00,2663,3.00
2664,242,52,239.97,539.97,44.44,"6 days 12:25:00","8 days",-2 days +12:25:00,2664,3.00
2665,24,33,29.98,629.98,4.76,"10 days 14:40:00","20 days",-10 days +14:40:00,2665,2.00
2666,34,132,39.98,239.98,16.66,"6 days 08:45:00","32 days",-26 days +08:45:00,2666,2.00
2667,364,146,159.98,759.98,21.05,"10 days 08:35:00","11 days",-1 days +08:35:00,2667,2.00
2668,295,157,59.97,459.97,13.04,"8 days 16:00:00","13 days",-5 days +16:00:00,2668,3.00
2669,569,103,49.98,149.98,33.32,"3 days 12:30:00","30 days",-27 days +12:30:00,2669,2.00
2670,114,141,89.97,389.97,23.07,"10 days 15:25:00","12 days",-2 days +15:25:00,2670,3.00
2671,229,100,79.96,479.96,16.66,"20 days 09:45:00","12 days","8 days 09:45:00",2671,4.00
2672,124,148,9.98,109.98,9.07,"2 days 07:25:00","10 days",-8 days +07:25:00,2672,2.00
2673,497,159,9.99,49.99,19.98,"5 days 13:35:00","10 days",-5 days +13:35:00,2673,1.00
2674,251,141,59.98,359.98,16.66,"9 days 10:10:00","10 days",-1 days +10:10:00,2674,2.00
2675,382,15,299.97,339.97,88.23,"8 days 08:30:00","4 days","4 days 08:30:00",2675,3.00
2676,105,77,69.98,389.98,17.94,"9 days 06:40:00","17 days",-8 days +06:40:00,2676,2.00
2677,527,11,300.00,460.00,65.22,"9 days 14:40:00","20 days",-11 days +14:40:00,2677,3.00
2678,397,199,29.98,229.98,13.04,"6 days 12:10:00","8 days",-2 days +12:10:00,2678,2.00
2679,591,97,599.97,639.97,93.75,"7 days 09:20:00","9 days",-2 days +09:20:00,2679,3.00
2680,547,6,599.97,759.97,78.95,"7 days 13:45:00","12 days",-5 days +13:45:00,2680,3.00
2681,207,123,39.96,119.96,33.31,"2 days 14:40:00","20 days",-18 days +14:40:00,2681,4.00
2682,529,113,39.99,119.99,33.33,"2 days 08:35:00","11 days",-9 days +08:35:00,2682,1.00
2683,107,55,149.97,249.97,60.00,"5 days 13:40:00","12 days",-7 days +13:40:00,2683,3.00
2684,67,54,119.97,569.97,21.05,"10 days 12:05:00","6 days","4 days 12:05:00",2684,3.00
2685,351,149,209.97,449.97,46.66,"10 days 14:25:00","18 days",-8 days +14:25:00,2685,3.00
2686,295,92,319.96,719.96,44.44,"8 days 16:00:00","13 days",-5 days +16:00:00,2686,4.00
2687,420,17,59.97,259.97,23.07,"7 days 14:05:00","11 days",-4 days +14:05:00,2687,3.00
2688,334,180,39.98,159.98,24.99,"9 days 12:40:00","32 days",-23 days +12:40:00,2688,2.00
2689,23,13,269.97,309.97,87.10,"7 days 13:40:00","11 days",-4 days +13:40:00,2689,3.00
2690,345,33,29.98,129.98,23.07,"1 day 13:40:00","11 days",-10 days +13:40:00,2690,2.00
2691,244,16,25.98,165.98,15.65,"7 days 06:25:00","2 days","5 days 06:25:00",2691,2.00
2692,169,59,389.97,689.97,56.52,"9 days 13:10:00","14 days",-5 days +13:10:00,2692,3.00
2693,90,13,179.98,979.98,18.37,"13 days 13:20:00","6 days","7 days 13:20:00",2693,2.00
2694,406,50,119.96,219.96,54.54,"2 days 11:50:00","1 day","1 day 11:50:00",2694,4.00
2695,536,161,239.97,479.97,50.00,"7 days 12:30:00","35 days",-28 days +12:30:00,2695,3.00
2696,397,107,179.97,379.97,47.36,"6 days 12:10:00","8 days",-2 days +12:10:00,2696,3.00
2697,93,190,49.99,129.99,38.46,"2 days 09:40:00","5 days",-3 days +09:40:00,2697,1.00
2698,364,4,299.98,899.98,33.33,"10 days 08:35:00","11 days",-1 days +08:35:00,2698,2.00
2699,542,187,119.98,359.98,33.33,"7 days 12:30:00","35 days",-28 days +12:30:00,2699,2.00
2700,123,167,399.96,719.96,55.55,"15 days 12:30:00","30 days",-15 days +12:30:00,2700,4.00
2701,64,26,399.96,849.96,47.06,"14 days 06:40:00","17 days",-3 days +06:40:00,2701,4.00
2702,178,38,29.97,329.97,9.08,"9 days 08:20:00","4 days","5 days 08:20:00",2702,3.00
2703,499,142,9.98,409.98,2.43,"8 days 13:30:00","6 days","2 days 13:30:00",2703,2.00
2704,585,46,99.98,199.98,49.99,"2 days 14:05:00","9 days",-7 days +14:05:00,2704,2.00
2705,167,177,399.98,879.98,45.45,"14 days 12:30:00","21 days",-7 days +12:30:00,2705,2.00
2706,556,35,139.96,219.96,63.63,"2 days 13:10:00","3 days",-1 days +13:10:00,2706,4.00
2707,554,147,59.98,139.98,42.85,"1 day 12:30:00","35 days",-34 days +12:30:00,2707,2.00
2708,362,86,44.97,404.97,11.10,"8 days 13:15:00","15 days",-7 days +13:15:00,2708,3.00
2709,376,47,399.98,599.98,66.67,"6 days 11:35:00","16 days",-10 days +11:35:00,2709,2.00
2710,234,74,49.99,369.99,13.51,"17 days 09:55:00","6 days","11 days 09:55:00",2710,1.00
2711,403,11,300.00,660.00,45.45,"13 days 13:30:00","10 days","3 days 13:30:00",2711,3.00
2712,426,59,259.98,419.98,61.90,"9 days 13:20:00","30 days",-21 days +13:20:00,2712,2.00
2713,224,164,599.97,719.97,83.33,"6 days 08:50:00","8 days",-2 days +08:50:00,2713,3.00
2714,20,10,69.99,269.99,25.92,"10 days 07:30:00","20 days",-10 days +07:30:00,2714,1.00
2715,46,98,239.97,439.97,54.54,"5 days 13:50:00","4 days","1 day 13:50:00",2715,3.00
2716,79,13,89.99,489.99,18.37,"13 days 15:00:00","18 days",-5 days +15:00:00,2716,1.00
2717,86,187,59.99,299.99,20.00,"10 days 10:15:00","13 days",-3 days +10:15:00,2717,1.00
2718,464,113,159.96,409.96,39.02,"3 days 12:15:00","19 days",-16 days +12:15:00,2718,4.00
2719,51,190,149.97,549.97,27.27,"11 days 08:35:00","22 days",-11 days +08:35:00,2719,3.00
2720,257,92,159.98,369.98,43.24,"12 days 12:20:00","5 days","7 days 12:20:00",2720,2.00
2721,562,52,79.99,279.99,28.57,"9 days 07:35:00","12 days",-3 days +07:35:00,2721,1.00
2722,490,89,39.96,119.96,33.31,"4 days 12:15:00","6 days",-2 days +12:15:00,2722,4.00
2723,99,2,149.97,389.97,38.46,"7 days 14:05:00","11 days",-4 days +14:05:00,2723,3.00
2724,385,85,149.97,449.97,33.33,"15 days 12:15:00","24 days",-9 days +12:15:00,2724,3.00
2725,233,200,79.98,319.98,25.00,"7 days 14:35:00","14 days",-7 days +14:35:00,2725,2.00
2726,298,182,299.98,539.98,55.55,"12 days 11:35:00","5 days","7 days 11:35:00",2726,2.00
2727,235,178,159.98,399.98,40.00,"12 days 16:00:00","13 days",-1 days +16:00:00,2727,2.00
2728,303,23,239.97,479.97,50.00,"9 days 11:30:00","4 days","5 days 11:30:00",2728,3.00
2729,162,198,199.96,269.96,74.07,"2 days 07:40:00","1 day","1 day 07:40:00",2729,4.00
2730,406,173,29.97,129.97,23.06,"2 days 11:50:00","1 day","1 day 11:50:00",2730,3.00
2731,114,8,319.98,619.98,51.61,"10 days 15:25:00","12 days",-2 days +15:25:00,2731,2.00
2732,122,155,19.98,79.98,24.98,"6 days 08:40:00","16 days",-10 days +08:40:00,2732,2.00
2733,260,98,159.98,249.98,64.00,"12 days 12:20:00","20 days",-8 days +12:20:00,2733,2.00
2734,431,189,89.99,189.99,47.37,"1 day 15:25:00","12 days",-11 days +15:25:00,2734,1.00
2735,184,59,259.98,709.98,36.62,"12 days 13:20:00","30 days",-18 days +13:20:00,2735,2.00
2736,473,131,74.97,154.97,48.38,"2 days 14:25:00","18 days",-16 days +14:25:00,2736,3.00
2737,121,45,259.98,299.98,86.67,"11 days 13:50:00","7 days","4 days 13:50:00",2737,2.00
2738,137,13,359.96,599.96,60.00,"11 days 14:05:00","11 days","14:05:00",2738,4.00
2739,567,73,319.96,439.96,72.72,"5 days 10:10:00","11 days",-6 days +10:10:00,2739,4.00
2740,307,172,159.98,319.98,50.00,"4 days 08:45:00","32 days",-28 days +08:45:00,2740,2.00
2741,170,139,89.97,589.97,15.25,"7 days 10:15:00","13 days",-6 days +10:15:00,2741,3.00
2742,331,118,119.97,519.97,23.07,"10 days 13:45:00","10 days","13:45:00",2742,3.00
2743,298,188,299.97,539.97,55.55,"12 days 11:35:00","5 days","7 days 11:35:00",2743,3.00
2744,418,94,59.97,259.97,23.07,"7 days 08:45:00","7 days","08:45:00",2744,3.00
2745,511,11,100.00,600.00,16.67,"6 days 11:30:00","11 days",-5 days +11:30:00,2745,1.00
2746,356,24,49.99,649.99,7.69,"7 days 12:30:00","30 days",-23 days +12:30:00,2746,1.00
2747,464,125,449.97,699.97,64.28,"3 days 12:15:00","19 days",-16 days +12:15:00,2747,3.00
2748,363,141,29.99,229.99,13.04,"9 days 12:25:00","14 days",-5 days +12:25:00,2748,1.00
2749,495,48,5.98,155.98,3.83,"10:05:00","12 days",-12 days +10:05:00,2749,2.00
2750,388,28,89.97,329.97,27.27,"14 days 06:50:00","8 days","6 days 06:50:00",2750,3.00
2751,339,8,639.96,1239.96,51.61,"14 days 11:10:00","11 days","3 days 11:10:00",2751,4.00
2752,477,29,239.98,439.98,54.54,"6 days 07:15:00","6 days","07:15:00",2752,2.00
2753,325,35,69.98,669.98,10.45,"13 days 14:25:00","23 days",-10 days +14:25:00,2753,2.00
2754,451,50,89.97,329.97,27.27,"5 days 15:10:00","14 days",-9 days +15:10:00,2754,3.00
2755,274,142,9.98,169.98,5.87,"8 days 09:25:00","18 days",-10 days +09:25:00,2755,2.00
2756,98,138,599.97,639.97,93.75,"2 days 15:00:00","18 days",-16 days +15:00:00,2756,3.00
2757,579,10,209.97,289.97,72.41,"9 days 13:15:00","15 days",-6 days +13:15:00,2757,3.00
2758,122,156,89.97,149.97,59.99,"6 days 08:40:00","16 days",-10 days +08:40:00,2758,3.00
2759,425,72,159.96,259.96,61.53,"12:35:00","2 days",-2 days +12:35:00,2759,4.00
2760,16,16,38.97,188.97,20.62,"14:10:00","2 days",-2 days +14:10:00,2760,3.00
2761,470,58,29.97,179.97,16.65,"4 days 10:05:00","12 days",-8 days +10:05:00,2761,3.00
2762,397,66,29.97,229.97,13.03,"6 days 12:10:00","8 days",-2 days +12:10:00,2762,3.00
2763,592,193,79.98,479.98,16.66,"10 days 13:05:00","12 days",-2 days +13:05:00,2763,2.00
2764,524,140,29.97,109.97,27.25,"2 days 12:40:00","9 days",-7 days +12:40:00,2764,3.00
2765,77,17,39.98,399.98,10.00,"13 days 10:20:00","6 days","7 days 10:20:00",2765,2.00
2766,34,135,599.97,799.97,75.00,"6 days 08:45:00","32 days",-26 days +08:45:00,2766,3.00
2767,340,198,149.97,249.97,60.00,"5 days 12:45:00","8 days",-3 days +12:45:00,2767,3.00
2768,251,5,319.96,619.96,51.61,"9 days 10:10:00","10 days",-1 days +10:10:00,2768,4.00
2769,281,3,19.98,179.98,11.10,"7 days 09:25:00","18 days",-11 days +09:25:00,2769,2.00
2770,462,25,389.97,589.97,66.10,"8 days 07:30:00","20 days",-12 days +07:30:00,2770,3.00
2771,59,177,599.97,639.97,93.75,"8 days 08:40:00","9 days",-1 days +08:40:00,2771,3.00
2772,190,104,89.97,109.97,81.81,"4 days 13:20:00","6 days",-2 days +13:20:00,2772,3.00
2773,432,133,29.99,49.99,59.99,"6 days 09:40:00","5 days","1 day 09:40:00",2773,1.00
2774,583,119,899.97,979.97,91.84,"4 days 08:05:00","15 days",-11 days +08:05:00,2774,3.00
2775,495,134,19.98,169.98,11.75,"10:05:00","12 days",-12 days +10:05:00,2775,2.00
2776,227,94,59.97,299.97,19.99,"11 days 08:15:00","5 days","6 days 08:15:00",2776,3.00
2777,338,10,279.96,519.96,53.84,"9 days 13:35:00","20 days",-11 days +13:35:00,2777,4.00
2778,469,54,39.99,439.99,9.09,"9 days 10:50:00","16 days",-7 days +10:50:00,2778,1.00
2779,400,39,359.97,519.97,69.23,"16 days 14:05:00","4 days","12 days 14:05:00",2779,3.00
2780,400,97,599.97,759.97,78.95,"16 days 14:05:00","4 days","12 days 14:05:00",2780,3.00
2781,340,188,399.96,499.96,80.00,"5 days 12:45:00","8 days",-3 days +12:45:00,2781,4.00
2782,436,34,39.96,119.96,33.31,"4 days 13:25:00","5 days",-1 days +13:25:00,2782,4.00
2783,490,57,39.98,119.98,33.32,"4 days 12:15:00","6 days",-2 days +12:15:00,2783,2.00
2784,399,128,299.98,419.98,71.43,"9 days 14:10:00","6 days","3 days 14:10:00",2784,2.00
2785,130,24,199.96,479.96,41.66,"17 days 11:15:00","12 days","5 days 11:15:00",2785,4.00
2786,367,188,199.98,279.98,71.43,"15 days 13:05:00","21 days",-6 days +13:05:00,2786,2.00
2787,569,90,799.96,899.96,88.89,"3 days 12:30:00","30 days",-27 days +12:30:00,2787,4.00
2788,185,139,89.97,689.97,13.04,"13 days 13:00:00","20 days",-7 days +13:00:00,2788,3.00
2789,164,94,19.99,179.99,11.11,"9 days 10:05:00","15 days",-6 days +10:05:00,2789,1.00
2790,519,195,159.98,399.98,40.00,"8 days 09:55:00","17 days",-9 days +09:55:00,2790,2.00
2791,566,50,89.97,249.97,35.99,"7 days 09:15:00","2 days","5 days 09:15:00",2791,3.00
2792,222,184,59.98,659.98,9.09,"14 days 07:30:00","20 days",-6 days +07:30:00,2792,2.00
2793,526,12,89.97,289.97,31.03,"5 days 11:55:00","4 days","1 day 11:55:00",2793,3.00
2794,471,24,149.97,549.97,27.27,"5 days 13:40:00","11 days",-6 days +13:40:00,2794,3.00
2795,397,185,29.97,229.97,13.03,"6 days 12:10:00","8 days",-2 days +12:10:00,2795,3.00
2796,103,130,199.98,289.98,68.96,"12 days 14:10:00","6 days","6 days 14:10:00",2796,2.00
2797,76,47,799.96,999.96,80.00,"8 days 13:45:00","14 days",-6 days +13:45:00,2797,4.00
2798,391,125,299.98,539.98,55.55,"6 days 11:30:00","16 days",-10 days +11:30:00,2798,2.00
2799,360,159,29.97,349.97,8.56,"17 days 11:15:00","12 days","5 days 11:15:00",2799,3.00
2800,493,163,179.98,329.98,54.54,"3 days 12:25:00","17 days",-14 days +12:25:00,2800,2.00
2801,335,49,159.98,609.98,26.23,"10 days 14:45:00","14 days",-4 days +14:45:00,2801,2.00
2802,576,175,299.97,499.97,60.00,"6 days 15:20:00","21 days",-15 days +15:20:00,2802,3.00
2803,131,59,389.97,789.97,49.37,"15 days 08:50:00","8 days","7 days 08:50:00",2803,3.00
2804,291,96,44.97,204.97,21.94,"9 days 10:25:00","6 days","3 days 10:25:00",2804,3.00
2805,144,191,1.99,41.99,4.74,"11:45:00","2 days",-2 days +11:45:00,2805,1.00
2806,25,75,14.99,114.99,13.04,"5 days 11:40:00","4 days","1 day 11:40:00",2806,1.00
2807,588,51,89.99,209.99,42.85,"1 day 11:10:00","11 days",-10 days +11:10:00,2807,1.00
2808,510,94,39.98,239.98,16.66,"7 days 11:30:00","9 days",-2 days +11:30:00,2808,2.00
2809,114,137,399.98,699.98,57.14,"10 days 15:25:00","12 days",-2 days +15:25:00,2809,2.00
2810,373,56,389.97,629.97,61.90,"8 days 13:55:00","4 days","4 days 13:55:00",2810,3.00
2811,17,5,239.97,539.97,44.44,"13 days 09:55:00","17 days",-4 days +09:55:00,2811,3.00
2812,459,56,519.96,579.96,89.65,"7 days 12:40:00","20 days",-13 days +12:40:00,2812,4.00
2813,362,77,34.99,394.99,8.86,"8 days 13:15:00","15 days",-7 days +13:15:00,2813,1.00
2814,247,157,39.98,639.98,6.25,"8 days 07:15:00","9 days",-1 days +07:15:00,2814,2.00
2815,69,157,59.97,379.97,15.78,"14 days 13:20:00","14 days","13:20:00",2815,3.00
2816,81,6,799.96,919.96,86.96,"8 days 12:25:00","8 days","12:25:00",2816,4.00
2817,545,98,79.99,239.99,33.33,"6 days 10:05:00","15 days",-9 days +10:05:00,2817,1.00
2818,510,128,299.98,499.98,60.00,"7 days 11:30:00","9 days",-2 days +11:30:00,2818,2.00
2819,27,12,89.97,209.97,42.85,"3 days 12:25:00","2 days","1 day 12:25:00",2819,3.00
2820,569,99,9.99,109.99,9.08,"3 days 12:30:00","30 days",-27 days +12:30:00,2820,1.00
2821,429,105,19.98,219.98,9.08,"7 days 09:10:00","2 days","5 days 09:10:00",2821,2.00
2822,130,187,119.98,399.98,30.00,"17 days 11:15:00","12 days","5 days 11:15:00",2822,2.00
2823,477,142,4.99,204.99,2.43,"6 days 07:15:00","6 days","07:15:00",2823,1.00
2824,370,80,5.97,165.97,3.60,"11 days 11:45:00","10 days","1 day 11:45:00",2824,3.00
2825,472,175,199.98,299.98,66.66,"4 days 10:30:00","6 days",-2 days +10:30:00,2825,2.00
2826,66,175,299.97,699.97,42.85,"5 days 15:10:00","14 days",-9 days +15:10:00,2826,3.00
2827,560,174,59.97,259.97,23.07,"4 days 13:30:00","13 days",-9 days +13:30:00,2827,3.00
2828,518,193,119.97,199.97,59.99,"1 day 12:15:00","12 days",-11 days +12:15:00,2828,3.00
2829,46,128,299.98,499.98,60.00,"5 days 13:50:00","4 days","1 day 13:50:00",2829,2.00
2830,487,40,119.98,279.98,42.85,"8 days 11:50:00","13 days",-5 days +11:50:00,2830,2.00
2831,70,80,5.97,305.97,1.95,"9 days 11:55:00","8 days","1 day 11:55:00",2831,3.00
2832,507,89,29.97,329.97,9.08,"3 days 11:00:00","12 days",-9 days +11:00:00,2832,3.00
2833,342,44,159.96,399.96,39.99,"5 days 12:10:00","14 days",-9 days +12:10:00,2833,4.00
2834,374,186,9.99,49.99,19.98,"7 days 13:05:00","6 days","1 day 13:05:00",2834,1.00
2835,376,112,44.97,244.97,18.36,"6 days 11:35:00","16 days",-10 days +11:35:00,2835,3.00
2836,177,188,199.98,379.98,52.63,"13 days 06:50:00","8 days","5 days 06:50:00",2836,2.00
2837,121,50,89.97,129.97,69.22,"11 days 13:50:00","7 days","4 days 13:50:00",2837,3.00
2838,114,56,389.97,689.97,56.52,"10 days 15:25:00","12 days",-2 days +15:25:00,2838,3.00
2839,105,180,19.99,339.99,5.88,"9 days 06:40:00","17 days",-8 days +06:40:00,2839,1.00
2840,431,25,259.98,359.98,72.22,"1 day 15:25:00","12 days",-11 days +15:25:00,2840,2.00
2841,454,26,199.98,349.98,57.14,"4 days 14:45:00","2 days","2 days 14:45:00",2841,2.00
2842,42,32,79.98,379.98,21.05,"10 days 11:00:00","12 days",-2 days +11:00:00,2842,2.00
2843,149,6,599.97,759.97,78.95,"7 days 13:20:00","30 days",-23 days +13:20:00,2843,3.00
2844,514,182,299.98,419.98,71.43,"1 day 11:45:00","2 days",-1 days +11:45:00,2844,2.00
2845,277,46,199.96,279.96,71.42,"4 days 12:25:00","14 days",-10 days +12:25:00,2845,4.00
2846,571,59,389.97,549.97,70.91,"6 days 13:15:00","17 days",-11 days +13:15:00,2846,3.00
2847,156,144,79.98,159.98,49.99,"6 days 08:50:00","10 days",-4 days +08:50:00,2847,2.00
2848,228,96,59.96,359.96,16.66,"11 days 08:15:00","10 days","1 day 08:15:00",2848,4.00
2849,162,26,299.97,369.97,81.08,"2 days 07:40:00","1 day","1 day 07:40:00",2849,3.00
2850,426,117,79.96,239.96,33.32,"9 days 13:20:00","30 days",-21 days +13:20:00,2850,4.00
2851,510,100,39.98,239.98,16.66,"7 days 11:30:00","9 days",-2 days +11:30:00,2851,2.00
2852,467,135,399.98,479.98,83.33,"3 days 13:50:00","7 days",-4 days +13:50:00,2852,2.00
2853,114,193,39.99,339.99,11.76,"10 days 15:25:00","12 days",-2 days +15:25:00,2853,1.00
2854,464,195,79.99,329.99,24.24,"3 days 12:15:00","19 days",-16 days +12:15:00,2854,1.00
2855,392,100,19.99,1019.99,1.96,"14 days 12:35:00","32 days",-18 days +12:35:00,2855,1.00
2856,432,81,59.97,79.97,74.99,"6 days 09:40:00","5 days","1 day 09:40:00",2856,3.00
2857,514,15,399.96,519.96,76.92,"1 day 11:45:00","2 days",-1 days +11:45:00,2857,4.00
2858,499,73,159.98,559.98,28.57,"8 days 13:30:00","6 days","2 days 13:30:00",2858,2.00
2859,319,106,9.99,489.99,2.04,"10 days 13:20:00","8 days","2 days 13:20:00",2859,1.00
2860,391,82,49.99,289.99,17.24,"6 days 11:30:00","16 days",-10 days +11:30:00,2860,1.00
2861,177,3,29.97,209.97,14.27,"13 days 06:50:00","8 days","5 days 06:50:00",2861,3.00
2862,169,94,79.96,379.96,21.04,"9 days 13:10:00","14 days",-5 days +13:10:00,2862,4.00
2863,114,68,59.98,359.98,16.66,"10 days 15:25:00","12 days",-2 days +15:25:00,2863,2.00
2864,173,105,29.97,189.97,15.78,"7 days 12:30:00","6 days","1 day 12:30:00",2864,3.00
2865,176,107,179.97,579.97,31.03,"7 days 12:55:00","18 days",-11 days +12:55:00,2865,3.00
2866,474,159,39.96,289.96,13.78,"3 days 08:30:00","8 days",-5 days +08:30:00,2866,4.00
2867,546,167,399.96,479.96,83.33,"1 day 11:55:00","5 days",-4 days +11:55:00,2867,4.00
2868,317,114,29.98,179.98,16.66,"2 days 14:20:00","3 days",-1 days +14:20:00,2868,2.00
2869,115,189,359.96,759.96,47.37,"18 days 13:15:00","4 days","14 days 13:15:00",2869,4.00
2870,102,196,39.98,99.98,39.99,"4 days 13:45:00","12 days",-8 days +13:45:00,2870,2.00
2871,249,191,3.98,303.98,1.31,"10 days 13:20:00","30 days",-20 days +13:20:00,2871,2.00
2872,216,104,119.96,439.96,27.27,"11 days 09:20:00","7 days","4 days 09:20:00",2872,4.00
2873,507,122,59.98,359.98,16.66,"3 days 11:00:00","12 days",-9 days +11:00:00,2873,2.00
2874,550,159,39.96,199.96,19.98,"6 days 12:40:00","32 days",-26 days +12:40:00,2874,4.00
2875,459,51,269.97,329.97,81.82,"7 days 12:40:00","20 days",-13 days +12:40:00,2875,3.00
2876,287,183,24.99,624.99,4.00,"13 days 13:10:00","9 days","4 days 13:10:00",2876,1.00
2877,492,11,200.00,260.00,76.92,"7 days 13:20:00","14 days",-7 days +13:20:00,2877,2.00
2878,202,33,29.98,269.98,11.10,"12 days 10:20:00","4 days","8 days 10:20:00",2878,2.00
2879,177,98,319.96,499.96,64.00,"13 days 06:50:00","8 days","5 days 06:50:00",2879,4.00
2880,293,62,19.98,419.98,4.76,"5 days 08:15:00","5 days","08:15:00",2880,2.00
2881,10,46,99.98,399.98,25.00,"13 days 13:25:00","15 days",-2 days +13:25:00,2881,2.00
2882,579,83,19.99,99.99,19.99,"9 days 13:15:00","15 days",-6 days +13:15:00,2882,1.00
2883,535,39,119.99,159.99,75.00,"7 days 13:35:00","10 days",-3 days +13:35:00,2883,1.00
2884,142,153,599.97,659.97,90.91,"9 days 13:35:00","10 days",-1 days +13:35:00,2884,3.00
2885,470,128,299.98,449.98,66.67,"4 days 10:05:00","12 days",-8 days +10:05:00,2885,2.00
2886,325,172,239.97,839.97,28.57,"13 days 14:25:00","23 days",-10 days +14:25:00,2886,3.00
2887,362,189,179.98,539.98,33.33,"8 days 13:15:00","15 days",-7 days +13:15:00,2887,2.00
2888,564,198,99.98,179.98,55.55,"2 days 08:35:00","11 days",-9 days +08:35:00,2888,2.00
2889,271,105,39.96,489.96,8.16,"9 days 12:40:00","9 days","12:40:00",2889,4.00
2890,366,122,89.97,489.97,18.36,"7 days 10:30:00","28 days",-21 days +10:30:00,2890,3.00
2891,431,195,239.97,339.97,70.59,"1 day 15:25:00","12 days",-11 days +15:25:00,2891,3.00
2892,489,46,99.98,299.98,33.33,"5 days 09:20:00","8 days",-3 days +09:20:00,2892,2.00
2893,537,55,149.97,389.97,38.46,"8 days 10:05:00","15 days",-7 days +10:05:00,2893,3.00
2894,27,57,39.98,159.98,24.99,"3 days 12:25:00","2 days","1 day 12:25:00",2894,2.00
2895,412,173,29.97,189.97,15.78,"6 days 07:25:00","10 days",-4 days +07:25:00,2895,3.00
2896,442,153,199.99,279.99,71.43,"1 day 10:10:00","11 days",-10 days +10:10:00,2896,1.00
2897,224,120,79.96,199.96,39.99,"6 days 08:50:00","8 days",-2 days +08:50:00,2897,4.00
2898,404,100,59.97,99.97,59.99,"7 days 13:00:00","20 days",-13 days +13:00:00,2898,3.00
2899,588,95,199.98,319.98,62.50,"1 day 11:10:00","11 days",-10 days +11:10:00,2899,2.00
2900,60,81,59.97,259.97,23.07,"4 days 13:15:00","17 days",-13 days +13:15:00,2900,3.00
2901,598,162,149.97,219.97,68.18,"2 days 15:20:00","3 days",-1 days +15:20:00,2901,3.00
2902,457,21,149.99,549.99,27.27,"7 days 08:40:00","6 days","1 day 08:40:00",2902,1.00
2903,564,121,119.97,199.97,59.99,"2 days 08:35:00","11 days",-9 days +08:35:00,2903,3.00
2904,158,199,29.98,149.98,19.99,"10 days 14:45:00","14 days",-4 days +14:45:00,2904,2.00
2905,96,188,99.99,299.99,33.33,"11 days 11:55:00","4 days","7 days 11:55:00",2905,1.00
2906,140,180,39.98,89.98,44.43,"3 days 14:15:00","6 days",-3 days +14:15:00,2906,2.00
2907,198,99,29.97,109.97,27.25,"5 days 13:05:00","5 days","13:05:00",2907,3.00
2908,554,96,29.98,109.98,27.26,"1 day 12:30:00","35 days",-34 days +12:30:00,2908,2.00
2909,459,14,159.98,219.98,72.72,"7 days 12:40:00","20 days",-13 days +12:40:00,2909,2.00
2910,396,136,239.97,839.97,28.57,"12 days 13:35:00","20 days",-8 days +13:35:00,2910,3.00
2911,452,154,29.97,229.97,13.03,"7 days 13:55:00","4 days","3 days 13:55:00",2911,3.00
2912,115,174,39.98,439.98,9.09,"18 days 13:15:00","4 days","14 days 13:15:00",2912,2.00
2913,80,195,159.98,279.98,57.14,"14 days 13:15:00","17 days",-3 days +13:15:00,2913,2.00
2914,35,13,359.96,389.96,92.31,"4 days 12:45:00","2 days","2 days 12:45:00",2914,4.00
2915,250,8,479.97,679.97,70.59,"7 days 12:15:00","12 days",-5 days +12:15:00,2915,3.00
2916,331,150,19.98,419.98,4.76,"10 days 13:45:00","10 days","13:45:00",2916,2.00
2917,324,62,29.97,269.97,11.10,"10 days 13:45:00","14 days",-4 days +13:45:00,2917,3.00
2918,131,64,119.97,519.97,23.07,"15 days 08:50:00","8 days","7 days 08:50:00",2918,3.00
2919,486,7,379.98,539.98,70.37,"7 days 11:35:00","5 days","2 days 11:35:00",2919,2.00
2920,546,192,29.98,109.98,27.26,"1 day 11:55:00","5 days",-4 days +11:55:00,2920,2.00
2921,222,20,49.98,649.98,7.69,"14 days 07:30:00","20 days",-6 days +07:30:00,2921,2.00
2922,450,137,599.97,799.97,75.00,"3 days 07:20:00","8 days",-5 days +07:20:00,2922,3.00
2923,179,197,2399.96,3149.96,76.19,"14 days 10:15:00","16 days",-2 days +10:15:00,2923,4.00
2924,602,71,19.98,419.98,4.76,"8 days 10:40:00","18 days",-10 days +10:40:00,2924,2.00
2925,126,192,59.96,259.96,23.07,"5 days 13:20:00","11 days",-6 days +13:20:00,2925,4.00
2926,376,129,89.97,289.97,31.03,"6 days 11:35:00","16 days",-10 days +11:35:00,2926,3.00
2927,353,158,89.97,149.97,59.99,"9 days 12:30:00","21 days",-12 days +12:30:00,2927,3.00
2928,350,87,119.97,319.97,37.49,"1 day 13:20:00","11 days",-10 days +13:20:00,2928,3.00
2929,409,67,4.99,124.99,3.99,"3 days 13:45:00","4 days",-1 days +13:45:00,2929,1.00
2930,95,172,79.99,479.99,16.66,"7 days 12:25:00","9 days",-2 days +12:25:00,2930,1.00
2931,307,129,59.98,219.98,27.27,"4 days 08:45:00","32 days",-28 days +08:45:00,2931,2.00
2932,353,40,179.97,239.97,75.00,"9 days 12:30:00","21 days",-12 days +12:30:00,2932,3.00
2933,59,69,9.98,49.98,19.97,"8 days 08:40:00","9 days",-1 days +08:40:00,2933,2.00
2934,92,26,99.99,299.99,33.33,"8 days 13:30:00","6 days","2 days 13:30:00",2934,1.00
2935,345,170,399.98,499.98,80.00,"1 day 13:40:00","11 days",-10 days +13:40:00,2935,2.00
2936,537,129,59.98,299.98,19.99,"8 days 10:05:00","15 days",-7 days +10:05:00,2936,2.00
2937,556,175,199.98,279.98,71.43,"2 days 13:10:00","3 days",-1 days +13:10:00,2937,2.00
2938,273,144,119.97,279.97,42.85,"10 days 15:40:00","2 days","8 days 15:40:00",2938,3.00
2939,487,156,119.96,279.96,42.85,"8 days 11:50:00","13 days",-5 days +11:50:00,2939,4.00
2940,217,142,9.98,249.98,3.99,"18 days 07:20:00","4 days","14 days 07:20:00",2940,2.00
2941,65,163,179.98,419.98,42.85,"11 days 13:15:00","15 days",-4 days +13:15:00,2941,2.00
2942,19,81,39.98,539.98,7.40,"5 days 13:40:00","12 days",-7 days +13:40:00,2942,2.00
2943,551,67,14.97,74.97,19.97,"5 days 10:30:00","6 days",-1 days +10:30:00,2943,3.00
2944,360,115,19.98,339.98,5.88,"17 days 11:15:00","12 days","5 days 11:15:00",2944,2.00
2945,188,70,29.97,119.97,24.98,"9 days 13:20:00","11 days",-2 days +13:20:00,2945,3.00
2946,482,196,59.97,179.97,33.32,"4 days 09:40:00","8 days",-4 days +09:40:00,2946,3.00
2947,443,2,49.99,249.99,20.00,"8 days 13:15:00","17 days",-9 days +13:15:00,2947,1.00
2948,591,39,239.98,279.98,85.71,"7 days 09:20:00","9 days",-2 days +09:20:00,2948,2.00
2949,15,160,14.97,374.97,3.99,"9 days 15:00:00","18 days",-9 days +15:00:00,2949,3.00
2950,79,127,39.98,439.98,9.09,"13 days 15:00:00","18 days",-5 days +15:00:00,2950,2.00
2951,169,94,59.97,359.97,16.66,"9 days 13:10:00","14 days",-5 days +13:10:00,2951,3.00
2952,522,14,319.96,379.96,84.21,"1 day 11:15:00","12 days",-11 days +11:15:00,2952,4.00
2953,206,71,29.97,629.97,4.76,"10 days 09:25:00","9 days","1 day 09:25:00",2953,3.00
2954,598,30,159.98,229.98,69.56,"2 days 15:20:00","3 days",-1 days +15:20:00,2954,2.00
2955,386,46,149.97,749.97,20.00,"11 days 14:35:00","14 days",-3 days +14:35:00,2955,3.00
2956,573,36,199.98,359.98,55.55,"7 days 10:30:00","6 days","1 day 10:30:00",2956,2.00
2957,49,165,39.96,99.96,39.98,"8 days 12:25:00","5 days","3 days 12:25:00",2957,4.00
2958,354,162,199.96,599.96,33.33,"8 days 15:30:00","9 days",-1 days +15:30:00,2958,4.00
2959,211,179,39.96,139.96,28.55,"4 days 13:15:00","2 days","2 days 13:15:00",2959,4.00
2960,577,198,199.96,239.96,83.33,"5 days 09:45:00","8 days",-3 days +09:45:00,2960,4.00
2961,147,169,29.97,329.97,9.08,"9 days 11:45:00","10 days",-1 days +11:45:00,2961,3.00
2962,70,7,569.97,869.97,65.52,"9 days 11:55:00","8 days","1 day 11:55:00",2962,3.00
2963,26,192,44.97,144.97,31.02,"7 days 11:15:00","6 days","1 day 11:15:00",2963,3.00
2964,26,175,299.97,399.97,75.00,"7 days 11:15:00","6 days","1 day 11:15:00",2964,3.00
2965,528,167,199.98,399.98,50.00,"1 day 13:40:00","11 days",-10 days +13:40:00,2965,2.00
2966,385,5,159.98,459.98,34.78,"15 days 12:15:00","24 days",-9 days +12:15:00,2966,2.00
2967,584,113,159.96,259.96,61.53,"9 days 09:55:00","6 days","3 days 09:55:00",2967,4.00
2968,400,131,74.97,234.97,31.91,"16 days 14:05:00","4 days","12 days 14:05:00",2968,3.00
2969,584,63,389.97,489.97,79.59,"9 days 09:55:00","6 days","3 days 09:55:00",2969,3.00
2970,490,154,29.97,109.97,27.25,"4 days 12:15:00","6 days",-2 days +12:15:00,2970,3.00
2971,72,141,89.97,489.97,18.36,"16 days 08:10:00","9 days","7 days 08:10:00",2971,3.00
2972,12,127,79.96,579.96,13.79,"3 days 07:40:00","14 days",-11 days +07:40:00,2972,4.00
2973,256,92,159.98,759.98,21.05,"13 days 08:45:00","32 days",-19 days +08:45:00,2973,2.00
2974,566,108,199.98,359.98,55.55,"7 days 09:15:00","2 days","5 days 09:15:00",2974,2.00
2975,256,87,119.97,719.97,16.66,"13 days 08:45:00","32 days",-19 days +08:45:00,2975,3.00
2976,15,112,29.98,389.98,7.69,"9 days 15:00:00","18 days",-9 days +15:00:00,2976,2.00
2977,283,98,239.97,479.97,50.00,"10 days 14:25:00","4 days","6 days 14:25:00",2977,3.00
2978,318,152,74.97,474.97,15.78,"14 days 09:25:00","18 days",-4 days +09:25:00,2978,3.00
2979,487,65,9.98,169.98,5.87,"8 days 11:50:00","13 days",-5 days +11:50:00,2979,2.00
2980,553,70,29.97,89.97,33.31,"7 days 10:10:00","11 days",-4 days +10:10:00,2980,3.00
2981,224,111,7.96,127.96,6.22,"6 days 08:50:00","8 days",-2 days +08:50:00,2981,4.00
2982,412,85,149.97,309.97,48.38,"6 days 07:25:00","10 days",-4 days +07:25:00,2982,3.00
2983,380,90,199.99,439.99,45.45,"6 days 09:25:00","7 days",-1 days +09:25:00,2983,1.00
2984,368,199,29.98,529.98,5.66,"8 days 14:05:00","9 days",-1 days +14:05:00,2984,2.00
2985,287,190,99.98,699.98,14.28,"13 days 13:10:00","9 days","4 days 13:10:00",2985,2.00
2986,122,123,9.99,69.99,14.27,"6 days 08:40:00","16 days",-10 days +08:40:00,2986,1.00
2987,56,37,14.97,334.97,4.47,"15 days 08:30:00","8 days","7 days 08:30:00",2987,3.00
2988,187,106,19.98,319.98,6.24,"10 days 09:25:00","18 days",-8 days +09:25:00,2988,2.00
2989,453,143,14.97,214.97,6.96,"14:10:00","3 days",-3 days +14:10:00,2989,3.00
2990,205,171,199.98,349.98,57.14,"4 days 09:25:00","18 days",-14 days +09:25:00,2990,2.00
2991,201,88,39.96,239.96,16.65,"8 days 13:20:00","30 days",-22 days +13:20:00,2991,4.00
2992,261,191,5.97,155.97,3.83,"5 days 08:35:00","8 days",-3 days +08:35:00,2992,3.00
2993,548,65,4.99,204.99,2.43,"3 days 08:45:00","7 days",-4 days +08:45:00,2993,1.00
2994,463,106,29.97,179.97,16.65,"2 days 09:20:00","12 days",-10 days +09:20:00,2994,3.00
2995,15,68,59.98,419.98,14.28,"9 days 15:00:00","18 days",-9 days +15:00:00,2995,2.00
2996,149,86,44.97,204.97,21.94,"7 days 13:20:00","30 days",-23 days +13:20:00,2996,3.00
2997,5,48,5.98,205.98,2.90,"9 days 11:30:00","16 days",-7 days +11:30:00,2997,2.00
2998,484,93,29.97,69.97,42.83,"8 days 13:35:00","20 days",-12 days +13:35:00,2998,3.00
2999,60,182,449.97,649.97,69.23,"4 days 13:15:00","17 days",-13 days +13:15:00,2999,3.00
3000,366,39,359.97,759.97,47.37,"7 days 10:30:00","28 days",-21 days +10:30:00,3000,3.00
3001,320,167,99.99,699.99,14.28,"18 days 08:45:00","32 days",-14 days +08:45:00,3001,1.00
3002,441,38,39.96,119.96,33.31,"2 days 08:10:00","9 days",-7 days +08:10:00,3002,4.00
3003,228,153,599.97,899.97,66.67,"11 days 08:15:00","10 days","1 day 08:15:00",3003,3.00
3004,23,84,1799.97,1839.97,97.83,"7 days 13:40:00","11 days",-4 days +13:40:00,3004,3.00
3005,143,68,29.99,229.99,13.04,"8 days 13:20:00","6 days","2 days 13:20:00",3005,1.00
3006,29,90,599.97,899.97,66.67,"7 days 11:55:00","5 days","2 days 11:55:00",3006,3.00
3007,568,184,119.96,359.96,33.33,"7 days 12:45:00","6 days","1 day 12:45:00",3007,4.00
3008,568,56,129.99,369.99,35.13,"7 days 12:45:00","6 days","1 day 12:45:00",3008,1.00
3009,189,98,239.97,419.97,57.14,"13 days 15:00:00","10 days","3 days 15:00:00",3009,3.00
3010,349,18,59.98,179.98,33.33,"11 days 14:35:00","3 days","8 days 14:35:00",3010,2.00
3011,594,97,399.98,519.98,76.92,"3 days 08:55:00","16 days",-13 days +08:55:00,3011,2.00
3012,498,70,29.97,329.97,9.08,"9 days 11:15:00","6 days","3 days 11:15:00",3012,3.00
3013,9,144,79.98,319.98,25.00,"12 days 07:10:00","3 days","9 days 07:10:00",3013,2.00
3014,215,28,89.97,409.97,21.95,"12 days 10:45:00","30 days",-18 days +10:45:00,3014,3.00
3015,155,64,79.98,239.98,33.33,"7 days 08:55:00","20 days",-13 days +08:55:00,3015,2.00
3016,368,87,39.99,539.99,7.41,"8 days 14:05:00","9 days",-1 days +14:05:00,3016,1.00
3017,342,99,19.98,259.98,7.69,"5 days 12:10:00","14 days",-9 days +12:10:00,3017,2.00
3018,159,111,3.98,153.98,2.58,"10 days 07:20:00","8 days","2 days 07:20:00",3018,2.00
3019,543,55,199.96,599.96,33.33,"6 days 15:30:00","10 days",-4 days +15:30:00,3019,4.00
3020,374,132,59.97,99.97,59.99,"7 days 13:05:00","6 days","1 day 13:05:00",3020,3.00
3021,517,140,29.97,189.97,15.78,"7 days 13:45:00","4 days","3 days 13:45:00",3021,3.00
3022,266,192,14.99,764.99,1.96,"11 days 13:05:00","21 days",-10 days +13:05:00,3022,1.00
3023,244,135,799.96,939.96,85.11,"7 days 06:25:00","2 days","5 days 06:25:00",3023,4.00
3024,420,121,119.97,319.97,37.49,"7 days 14:05:00","11 days",-4 days +14:05:00,3024,3.00
3025,44,57,59.97,299.97,19.99,"9 days 13:35:00","7 days","2 days 13:35:00",3025,3.00
3026,142,55,149.97,209.97,71.42,"9 days 13:35:00","10 days",-1 days +13:35:00,3026,3.00
3027,578,62,19.98,169.98,11.75,"13:35:00","7 days",-7 days +13:35:00,3027,2.00
3028,126,86,59.96,259.96,23.07,"5 days 13:20:00","11 days",-6 days +13:20:00,3028,4.00
3029,350,133,59.98,259.98,23.07,"1 day 13:20:00","11 days",-10 days +13:20:00,3029,2.00
3030,549,157,79.96,229.96,34.77,"4 days 08:15:00","7 days",-3 days +08:15:00,3030,4.00
3031,343,156,59.98,219.98,27.27,"7 days 10:45:00","2 days","5 days 10:45:00",3031,2.00
3032,464,59,389.97,639.97,60.94,"3 days 12:15:00","19 days",-16 days +12:15:00,3032,3.00
3033,220,43,239.96,319.96,75.00,"3 days 14:30:00","8 days",-5 days +14:30:00,3033,4.00
3034,420,112,29.98,229.98,13.04,"7 days 14:05:00","11 days",-4 days +14:05:00,3034,2.00
3035,324,175,99.99,339.99,29.41,"10 days 13:45:00","14 days",-4 days +13:45:00,3035,1.00
3036,75,193,79.98,379.98,21.05,"11 days 10:50:00","16 days",-5 days +10:50:00,3036,2.00
3037,205,163,89.99,239.99,37.50,"4 days 09:25:00","18 days",-14 days +09:25:00,3037,1.00
3038,158,13,269.97,389.97,69.23,"10 days 14:45:00","14 days",-4 days +14:45:00,3038,3.00
3039,179,107,119.98,869.98,13.79,"14 days 10:15:00","16 days",-2 days +10:15:00,3039,2.00
3040,366,110,149.97,549.97,27.27,"7 days 10:30:00","28 days",-21 days +10:30:00,3040,3.00
3041,14,54,39.99,219.99,18.18,"10 days 15:30:00","9 days","1 day 15:30:00",3041,1.00
3042,413,18,59.98,359.98,16.66,"7 days 13:45:00","12 days",-5 days +13:45:00,3042,2.00
3043,31,89,19.98,339.98,5.88,"13 days 12:30:00","35 days",-22 days +12:30:00,3043,2.00
3044,180,76,199.98,269.98,74.07,"4 days 10:20:00","4 days","10:20:00",3044,2.00
3045,232,188,399.96,429.96,93.02,"2 days 13:45:00","10 days",-8 days +13:45:00,3045,4.00
3046,480,5,159.98,309.98,51.61,"1 day 11:55:00","8 days",-7 days +11:55:00,3046,2.00
3047,400,156,59.98,219.98,27.27,"16 days 14:05:00","4 days","12 days 14:05:00",3047,2.00
3048,51,66,29.97,429.97,6.97,"11 days 08:35:00","22 days",-11 days +08:35:00,3048,3.00
3049,446,179,39.96,439.96,9.08,"5 days 14:05:00","6 days",-1 days +14:05:00,3049,4.00
3050,146,171,199.98,599.98,33.33,"11 days 10:30:00","28 days",-17 days +10:30:00,3050,2.00
3051,419,75,59.96,459.96,13.04,"9 days 14:30:00","18 days",-9 days +14:30:00,3051,4.00
3052,320,162,99.98,699.98,14.28,"18 days 08:45:00","32 days",-14 days +08:45:00,3052,2.00
3053,199,194,149.97,549.97,27.27,"10 days 12:30:00","35 days",-25 days +12:30:00,3053,3.00
3054,58,143,14.97,214.97,6.96,"4 days 15:00:00","10 days",-6 days +15:00:00,3054,3.00
3055,77,120,79.96,439.96,18.17,"13 days 10:20:00","6 days","7 days 10:20:00",3055,4.00
3056,565,132,59.97,459.97,13.04,"6 days 12:25:00","14 days",-8 days +12:25:00,3056,3.00
3057,230,170,599.97,659.97,90.91,"8 days 13:05:00","12 days",-4 days +13:05:00,3057,3.00
3058,49,118,39.99,99.99,39.99,"8 days 12:25:00","5 days","3 days 12:25:00",3058,1.00
3059,446,117,39.98,439.98,9.09,"5 days 14:05:00","6 days",-1 days +14:05:00,3059,2.00
3060,491,33,44.97,204.97,21.94,"5 days 10:40:00","18 days",-13 days +10:40:00,3060,3.00
3061,68,77,139.96,379.96,36.84,"13 days 10:50:00","15 days",-2 days +10:50:00,3061,4.00
3062,11,108,199.98,439.98,45.45,"12 days 12:30:00","21 days",-9 days +12:30:00,3062,2.00
3063,283,62,29.97,269.97,11.10,"10 days 14:25:00","4 days","6 days 14:25:00",3063,3.00
3064,362,76,199.98,559.98,35.71,"8 days 13:15:00","15 days",-7 days +13:15:00,3064,2.00
3065,26,151,19.99,119.99,16.66,"7 days 11:15:00","6 days","1 day 11:15:00",3065,1.00
3066,204,115,39.96,239.96,16.65,"6 days 11:30:00","9 days",-3 days +11:30:00,3066,4.00
3067,168,132,79.96,279.96,28.56,"1 day 13:45:00","3 days",-2 days +13:45:00,3067,4.00
3068,58,6,599.97,799.97,75.00,"4 days 15:00:00","10 days",-6 days +15:00:00,3068,3.00
3069,506,78,119.96,159.96,74.99,"3 days 13:05:00","21 days",-18 days +13:05:00,3069,4.00
3070,283,88,19.98,259.98,7.69,"10 days 14:25:00","4 days","6 days 14:25:00",3070,2.00
3071,204,92,159.98,359.98,44.44,"6 days 11:30:00","9 days",-3 days +11:30:00,3071,2.00
3072,137,138,399.98,639.98,62.50,"11 days 14:05:00","11 days","14:05:00",3072,2.00
3073,428,85,99.98,159.98,62.50,"10 days 14:30:00","4 days","6 days 14:30:00",3073,2.00
3074,283,157,59.97,299.97,19.99,"10 days 14:25:00","4 days","6 days 14:25:00",3074,3.00
3075,176,61,209.97,609.97,34.42,"7 days 12:55:00","18 days",-11 days +12:55:00,3075,3.00
3076,518,32,119.97,199.97,59.99,"1 day 12:15:00","12 days",-11 days +12:15:00,3076,3.00
3077,51,42,104.97,504.97,20.79,"11 days 08:35:00","22 days",-11 days +08:35:00,3077,3.00
3078,40,61,139.98,219.98,63.63,"11 days 07:35:00","8 days","3 days 07:35:00",3078,2.00
3079,312,104,29.99,129.99,23.07,"8 days 07:35:00","12 days",-4 days +07:35:00,3079,1.00
3080,94,185,39.96,199.96,19.98,"8 days 09:25:00","2 days","6 days 09:25:00",3080,4.00
3081,78,10,209.97,569.97,36.84,"12 days 14:25:00","18 days",-6 days +14:25:00,3081,3.00
3082,286,81,79.96,379.96,21.04,"8 days 11:45:00","10 days",-2 days +11:45:00,3082,4.00
3083,594,198,99.98,219.98,45.45,"3 days 08:55:00","16 days",-13 days +08:55:00,3083,2.00
3084,583,16,25.98,105.98,24.51,"4 days 08:05:00","15 days",-11 days +08:05:00,3084,2.00
3085,602,3,19.98,419.98,4.76,"8 days 10:40:00","18 days",-10 days +10:40:00,3085,2.00
3086,132,57,19.99,819.99,2.44,"12 days 14:15:00","34 days",-22 days +14:15:00,3086,1.00
3087,352,66,39.96,199.96,19.98,"9 days 10:10:00","10 days",-1 days +10:10:00,3087,4.00
3088,434,27,79.96,219.96,36.35,"6 days 06:50:00","6 days","06:50:00",3088,4.00
3089,542,7,569.97,809.97,70.37,"7 days 12:30:00","35 days",-28 days +12:30:00,3089,3.00
3090,148,6,599.97,1049.97,57.14,"8 days 13:20:00","7 days","1 day 13:20:00",3090,3.00
3091,9,118,79.98,319.98,25.00,"12 days 07:10:00","3 days","9 days 07:10:00",3091,2.00
3092,452,178,319.96,519.96,61.54,"7 days 13:55:00","4 days","3 days 13:55:00",3092,4.00
3093,49,183,74.97,134.97,55.55,"8 days 12:25:00","5 days","3 days 12:25:00",3093,3.00
3094,43,172,159.98,219.98,72.72,"8 days 12:40:00","32 days",-24 days +12:40:00,3094,2.00
3095,184,32,39.99,489.99,8.16,"12 days 13:20:00","30 days",-18 days +13:20:00,3095,1.00
3096,107,109,359.96,459.96,78.26,"5 days 13:40:00","12 days",-7 days +13:40:00,3096,4.00
3097,454,199,29.98,179.98,16.66,"4 days 14:45:00","2 days","2 days 14:45:00",3097,2.00
3098,479,2,99.98,179.98,55.55,"1 day 10:00:00","1 day","10:00:00",3098,2.00
3099,188,194,99.98,189.98,52.63,"9 days 13:20:00","11 days",-2 days +13:20:00,3099,2.00
3100,518,87,39.99,119.99,33.33,"1 day 12:15:00","12 days",-11 days +12:15:00,3100,1.00
3101,374,41,359.96,399.96,90.00,"7 days 13:05:00","6 days","1 day 13:05:00",3101,4.00
3102,81,126,99.98,219.98,45.45,"8 days 12:25:00","8 days","12:25:00",3102,2.00
3103,61,180,39.98,639.98,6.25,"10 days 14:10:00","6 days","4 days 14:10:00",3103,2.00
3104,416,193,79.98,319.98,25.00,"8 days 13:30:00","6 days","2 days 13:30:00",3104,2.00
3105,503,79,599.98,719.98,83.33,"7 days 07:15:00","6 days","1 day 07:15:00",3105,2.00
3106,471,134,29.97,429.97,6.97,"5 days 13:40:00","11 days",-6 days +13:40:00,3106,3.00
3107,298,193,119.97,359.97,33.33,"12 days 11:35:00","5 days","7 days 11:35:00",3107,3.00
3108,86,11,300.00,540.00,55.56,"10 days 10:15:00","13 days",-3 days +10:15:00,3108,3.00
3109,400,96,14.99,174.99,8.57,"16 days 14:05:00","4 days","12 days 14:05:00",3109,1.00
3110,510,162,99.98,299.98,33.33,"7 days 11:30:00","9 days",-2 days +11:30:00,3110,2.00
3111,566,191,3.98,163.98,2.43,"7 days 09:15:00","2 days","5 days 09:15:00",3111,2.00
3112,389,190,199.96,559.96,35.71,"9 days 09:40:00","8 days","1 day 09:40:00",3112,4.00
3113,115,12,119.96,519.96,23.07,"18 days 13:15:00","4 days","14 days 13:15:00",3113,4.00
3114,386,120,39.98,639.98,6.25,"11 days 14:35:00","14 days",-3 days +14:35:00,3114,2.00
3115,104,125,299.98,599.98,50.00,"6 days 13:25:00","5 days","1 day 13:25:00",3115,2.00
3116,440,142,19.96,319.96,6.24,"8 days 12:35:00","8 days","12:35:00",3116,4.00
3117,53,170,599.97,899.97,66.67,"8 days 07:30:00","26 days",-18 days +07:30:00,3117,3.00
3118,12,178,159.98,659.98,24.24,"3 days 07:40:00","14 days",-11 days +07:40:00,3118,2.00
3119,76,56,259.98,459.98,56.52,"8 days 13:45:00","14 days",-6 days +13:45:00,3119,2.00
3120,494,36,299.97,419.97,71.43,"5 days 11:50:00","13 days",-8 days +11:50:00,3120,3.00
3121,582,27,79.96,179.96,44.43,"4 days 13:20:00","30 days",-26 days +13:20:00,3121,4.00
3122,554,122,59.98,139.98,42.85,"1 day 12:30:00","35 days",-34 days +12:30:00,3122,2.00
3123,583,119,599.98,679.98,88.23,"4 days 08:05:00","15 days",-11 days +08:05:00,3123,2.00
3124,75,8,479.97,779.97,61.54,"11 days 10:50:00","16 days",-5 days +10:50:00,3124,3.00
3125,209,107,119.98,419.98,28.57,"10 days 07:10:00","8 days","2 days 07:10:00",3125,2.00
3126,271,91,399.96,849.96,47.06,"9 days 12:40:00","9 days","12:40:00",3126,4.00
3127,586,190,199.96,239.96,83.33,"2 days 14:30:00","8 days",-6 days +14:30:00,3127,4.00
3128,577,148,9.98,49.98,19.97,"5 days 09:45:00","8 days",-3 days +09:45:00,3128,2.00
3129,72,194,149.97,549.97,27.27,"16 days 08:10:00","9 days","7 days 08:10:00",3129,3.00
3130,36,108,99.99,419.99,23.81,"16 days 09:25:00","7 days","9 days 09:25:00",3130,1.00
3131,522,182,449.97,509.97,88.23,"1 day 11:15:00","12 days",-11 days +11:15:00,3131,3.00
3132,173,1,299.97,459.97,65.22,"7 days 12:30:00","6 days","1 day 12:30:00",3132,3.00
3133,101,6,599.97,1079.97,55.55,"14 days 14:30:00","14 days","14:30:00",3133,3.00
3134,55,65,19.96,139.96,14.26,"6 days 09:10:00","24 days",-18 days +09:10:00,3134,4.00
3135,204,140,19.98,219.98,9.08,"6 days 11:30:00","9 days",-3 days +11:30:00,3135,2.00
3136,44,18,89.97,329.97,27.27,"9 days 13:35:00","7 days","2 days 13:35:00",3136,3.00
3137,446,155,9.99,409.99,2.44,"5 days 14:05:00","6 days",-1 days +14:05:00,3137,1.00
3138,279,62,39.96,199.96,19.98,"3 days 12:30:00","21 days",-18 days +12:30:00,3138,4.00
3139,211,95,399.96,499.96,80.00,"4 days 13:15:00","2 days","2 days 13:15:00",3139,4.00
3140,547,130,199.98,359.98,55.55,"7 days 13:45:00","12 days",-5 days +13:45:00,3140,2.00
3141,417,32,159.96,359.96,44.44,"4 days 12:55:00","18 days",-14 days +12:55:00,3141,4.00
3142,498,32,159.96,459.96,34.78,"9 days 11:15:00","6 days","3 days 11:15:00",3142,4.00
3143,67,9,79.98,529.98,15.09,"10 days 12:05:00","6 days","4 days 12:05:00",3143,2.00
3144,333,20,49.98,499.98,10.00,"11 days 12:10:00","14 days",-3 days +12:10:00,3144,2.00
3145,291,126,99.98,259.98,38.46,"9 days 10:25:00","6 days","3 days 10:25:00",3145,2.00
3146,383,65,9.98,309.98,3.22,"16 days 13:30:00","10 days","6 days 13:30:00",3146,2.00
3147,25,61,209.97,309.97,67.74,"5 days 11:40:00","4 days","1 day 11:40:00",3147,3.00
3148,31,76,99.99,419.99,23.81,"13 days 12:30:00","35 days",-22 days +12:30:00,3148,1.00
3149,296,73,159.98,479.98,33.33,"14 days 09:30:00","35 days",-21 days +09:30:00,3149,2.00
3150,9,142,9.98,249.98,3.99,"12 days 07:10:00","3 days","9 days 07:10:00",3150,2.00
3151,511,181,79.99,579.99,13.79,"6 days 11:30:00","11 days",-5 days +11:30:00,3151,1.00
3152,426,159,19.98,179.98,11.10,"9 days 13:20:00","30 days",-21 days +13:20:00,3152,2.00
3153,78,35,69.98,429.98,16.28,"12 days 14:25:00","18 days",-6 days +14:25:00,3153,2.00
3154,249,119,1199.96,1499.96,80.00,"10 days 13:20:00","30 days",-20 days +13:20:00,3154,4.00
3155,566,116,59.98,219.98,27.27,"7 days 09:15:00","2 days","5 days 09:15:00",3155,2.00
3156,520,17,59.97,199.97,29.99,"6 days 08:35:00","11 days",-5 days +08:35:00,3156,3.00
3157,318,142,9.98,409.98,2.43,"14 days 09:25:00","18 days",-4 days +09:25:00,3157,2.00
3158,572,166,99.99,199.99,50.00,"4 days 08:50:00","8 days",-4 days +08:50:00,3158,1.00
3159,249,136,239.97,539.97,44.44,"10 days 13:20:00","30 days",-20 days +13:20:00,3159,3.00
3160,9,154,9.99,249.99,4.00,"12 days 07:10:00","3 days","9 days 07:10:00",3160,1.00
3161,92,188,399.96,599.96,66.66,"8 days 13:30:00","6 days","2 days 13:30:00",3161,4.00
3162,323,111,5.97,305.97,1.95,"16 days 08:35:00","8 days","8 days 08:35:00",3162,3.00
3163,103,15,99.99,189.99,52.63,"12 days 14:10:00","6 days","6 days 14:10:00",3163,1.00
